{"valueType":"relations","values":[[{"_typeName":"Option","id":"cjh6jf41j00580954qrcoewo7","fieldName":"category"},{"_typeName":"Category","id":"cjh6j7z0d004g0954h3y1hwrm","fieldName":"options"}],[{"_typeName":"Category","id":"cjh6j7z0d004g0954h3y1hwrm"},{"_typeName":"Brand","id":"cjh6je7cn004u09540ycxd8lz","fieldName":"category"}],[{"_typeName":"Category","id":"cjh6j7z0d004g0954h3y1hwrm"},{"_typeName":"Brand","id":"cjh6t1yx202gh0954iqp5gght","fieldName":"category"}],[{"_typeName":"Variant","id":"cjh6jfe55005h09541cpyc3av","fieldName":"selectedOptions"},{"_typeName":"SelectedOption","id":"cjh6jfe56005i0954oya8l2t7","fieldName":"variant"}],[{"_typeName":"Variant","id":"cjh6jfkt3005t0954ho0m45vs","fieldName":"selectedOptions"},{"_typeName":"SelectedOption","id":"cjh6jfkt3005u0954hkn8y5bv","fieldName":"variant"}],[{"_typeName":"Variant","id":"cjh6lqtyh007v0954zlytvrgx","fieldName":"selectedOptions"},{"_typeName":"SelectedOption","id":"cjh6lqtyh007w0954l6d2aiyt","fieldName":"variant"}],[{"_typeName":"Variant","id":"cjh6o8fik01vs0954w2wyya6c","fieldName":"selectedOptions"},{"_typeName":"SelectedOption","id":"cjh6o8fik01vt0954a3x0voe3","fieldName":"variant"}],[{"_typeName":"Variant","id":"cjh6o8jd201w40954aka4jfug","fieldName":"selectedOptions"},{"_typeName":"SelectedOption","id":"cjh6o8jd201w50954ov3t24c6","fieldName":"variant"}],[{"_typeName":"Variant","id":"cjh6o8n0f01wg0954gptulh29","fieldName":"selectedOptions"},{"_typeName":"SelectedOption","id":"cjh6o8n0f01wh0954x3teopvx","fieldName":"variant"}],[{"_typeName":"Variant","id":"cjh6o8r8e01ws0954d2z18ymr","fieldName":"selectedOptions"},{"_typeName":"SelectedOption","id":"cjh6o8r8e01wt095411t5ibux","fieldName":"variant"}],[{"_typeName":"Variant","id":"cjh6o8wsm01x40954lo83dpwd","fieldName":"selectedOptions"},{"_typeName":"SelectedOption","id":"cjh6o8wsm01x509543sdol5h7","fieldName":"variant"}],[{"_typeName":"Variant","id":"cjh6qyfkw025g095461550jl4","fieldName":"selectedOptions"},{"_typeName":"SelectedOption","id":"cjh6qyfkw025h09548w2jan0j","fieldName":"variant"}],[{"_typeName":"Variant","id":"cjh6qyjnj025s095499by5ovw","fieldName":"selectedOptions"},{"_typeName":"SelectedOption","id":"cjh6qyjnj025t0954yar172wg","fieldName":"variant"}],[{"_typeName":"Variant","id":"cjh6qyqvr02640954530w1crv","fieldName":"selectedOptions"},{"_typeName":"SelectedOption","id":"cjh6qyqvr02650954qyw6tiva","fieldName":"variant"}],[{"_typeName":"Variant","id":"cjh6qywgv026g0954dar97ne3","fieldName":"selectedOptions"},{"_typeName":"SelectedOption","id":"cjh6qywgv026h0954psu51kg3","fieldName":"variant"}],[{"_typeName":"Product","id":"cjh6jfkt2005s0954k93q1cy6"},{"_typeName":"OrderableProduct","id":"cjh6m2eli009f0954rir5wbhk","fieldName":"product"}],[{"_typeName":"Product","id":"cjh6jfkt2005s0954k93q1cy6"},{"_typeName":"OrderableProduct","id":"cjh6qtesh024i0954rh9bpxjz","fieldName":"product"}],[{"_typeName":"Product","id":"cjh6jfe54005g09544c9uu807"},{"_typeName":"OrderableProduct","id":"cjh6qtesh024j0954c7w9j25g","fieldName":"product"}],[{"_typeName":"Product","id":"cjh6lqtyh007u0954kano4q9u"},{"_typeName":"OrderableProduct","id":"cjh6qtesh024k0954yln3j0fr","fieldName":"product"}],[{"_typeName":"Product","id":"cjh6o8fik01vr0954962y2tzo"},{"_typeName":"OrderableProduct","id":"cjh6qtvwi024u09544st05l2h","fieldName":"product"}],[{"_typeName":"Product","id":"cjh6o8r8e01wr0954cqsd0klp"},{"_typeName":"OrderableProduct","id":"cjh6qtvwi024v0954yvefnrwh","fieldName":"product"}],[{"_typeName":"Product","id":"cjh6o8jd101w30954d26t5bb6"},{"_typeName":"OrderableProduct","id":"cjh6qtvwi024w0954g7qrzkcy","fieldName":"product"}],[{"_typeName":"User","id":"cjh6ogin002030954xwp3h3e9","fieldName":"orders"},{"_typeName":"Order","id":"cjh6tf5kf02jc09540x278ogh","fieldName":"owner"}],[{"_typeName":"User","id":"cjh6ogin002030954xwp3h3e9","fieldName":"orders"},{"_typeName":"Order","id":"cjhdj9qv0001q0954mbtg2e9r","fieldName":"owner"}],[{"_typeName":"User","id":"cjh6ogin002030954xwp3h3e9","fieldName":"orders"},{"_typeName":"Order","id":"cjhdjaqnr002d0954tzs6iq6w","fieldName":"owner"}],[{"_typeName":"User","id":"cjh6ogin002030954xwp3h3e9","fieldName":"orders"},{"_typeName":"Order","id":"cjhdjbu2j00300954nozpghrx","fieldName":"owner"}],[{"_typeName":"User","id":"cjh6ogin002030954xwp3h3e9","fieldName":"orders"},{"_typeName":"Order","id":"cjhdjegc9003n0954hxwtudrc","fieldName":"owner"}],[{"_typeName":"User","id":"cjh6ogin002030954xwp3h3e9","fieldName":"orders"},{"_typeName":"Order","id":"cjhdjh007004a0954om4zf5hm","fieldName":"owner"}],[{"_typeName":"User","id":"cjh6ogin002030954xwp3h3e9","fieldName":"orders"},{"_typeName":"Order","id":"cjhdjkwuh004x0954hokfr81j","fieldName":"owner"}],[{"_typeName":"User","id":"cjh6ogin002030954xwp3h3e9","fieldName":"orders"},{"_typeName":"Order","id":"cjhdk2jwt006d0954h62z7qm9","fieldName":"owner"}],[{"_typeName":"User","id":"cjh6ogin002030954xwp3h3e9","fieldName":"orders"},{"_typeName":"Order","id":"cjhdk48cq00700954zv6apub6","fieldName":"owner"}],[{"_typeName":"User","id":"cjh6ogin002030954xwp3h3e9","fieldName":"orders"},{"_typeName":"Order","id":"cjhdk50ic007n0954ewvrd7at","fieldName":"owner"}],[{"_typeName":"User","id":"cjh6ogin002030954xwp3h3e9","fieldName":"orders"},{"_typeName":"Order","id":"cjhdkc8to008a0954s4ny4iqf","fieldName":"owner"}],[{"_typeName":"User","id":"cjh6ogin002030954xwp3h3e9","fieldName":"orders"},{"_typeName":"Order","id":"cjhdkg2r1008x0954pj1klexm","fieldName":"owner"}],[{"_typeName":"User","id":"cjh6ogin002030954xwp3h3e9","fieldName":"orders"},{"_typeName":"Order","id":"cjhdkkmv6009k095438dltqkr","fieldName":"owner"}],[{"_typeName":"User","id":"cjh6ogin002030954xwp3h3e9","fieldName":"orders"},{"_typeName":"Order","id":"cjhdkt1x200a80954y28oadcn","fieldName":"owner"}],[{"_typeName":"User","id":"cjh6ogin002030954xwp3h3e9","fieldName":"orders"},{"_typeName":"Order","id":"cjhdkwdwf00aw09542rek3zmb","fieldName":"owner"}],[{"_typeName":"User","id":"cjh6ogin002030954xwp3h3e9","fieldName":"orders"},{"_typeName":"Order","id":"cjhdlneg900bm0954fb020asd","fieldName":"owner"}],[{"_typeName":"User","id":"cjh6ogin002030954xwp3h3e9","fieldName":"orders"},{"_typeName":"Order","id":"cjhdlspqs00ca09548nx5wo10","fieldName":"owner"}],[{"_typeName":"User","id":"cjh6ogin002030954xwp3h3e9","fieldName":"orders"},{"_typeName":"Order","id":"cjhdltuvy00cy0954q9692qg1","fieldName":"owner"}],[{"_typeName":"User","id":"cjh6ogin002030954xwp3h3e9","fieldName":"orders"},{"_typeName":"Order","id":"cjhdlwx6500dm0954nrdx77i6","fieldName":"owner"}],[{"_typeName":"User","id":"cjh6ogin002030954xwp3h3e9","fieldName":"orders"},{"_typeName":"Order","id":"cjhdm6b6v00ec0954q9i72jty","fieldName":"owner"}],[{"_typeName":"User","id":"cjh6ogin002030954xwp3h3e9","fieldName":"orders"},{"_typeName":"Order","id":"cjhdm9cjp00f20954cvljdp9f","fieldName":"owner"}],[{"_typeName":"User","id":"cjh6ogin002030954xwp3h3e9","fieldName":"orders"},{"_typeName":"Order","id":"cjhevk8oe000s0954s28ygvdy","fieldName":"owner"}],[{"_typeName":"User","id":"cjh6ogin002030954xwp3h3e9","fieldName":"orders"},{"_typeName":"Order","id":"cjhexyrhu0027095478t3prza","fieldName":"owner"}],[{"_typeName":"User","id":"cjh6ogin002030954xwp3h3e9","fieldName":"orders"},{"_typeName":"Order","id":"cjheymko400380954pb25it4v","fieldName":"owner"}],[{"_typeName":"User","id":"cjh6ogin002030954xwp3h3e9","fieldName":"orders"},{"_typeName":"Order","id":"cjhf1p95u007x0954xjljtbum","fieldName":"owner"}],[{"_typeName":"User","id":"cjh6ogin002030954xwp3h3e9","fieldName":"orders"},{"_typeName":"Order","id":"cjhf1sifm008l0954btf2o5rh","fieldName":"owner"}],[{"_typeName":"User","id":"cjh6ogin002030954xwp3h3e9","fieldName":"orders"},{"_typeName":"Order","id":"cjhf248ty009a0954fn02f9l1","fieldName":"owner"}],[{"_typeName":"User","id":"cjh6ogin002030954xwp3h3e9","fieldName":"orders"},{"_typeName":"Order","id":"cjhf26kua009y0954kjuxzf9p","fieldName":"owner"}],[{"_typeName":"User","id":"cjh6ogin002030954xwp3h3e9","fieldName":"orders"},{"_typeName":"Order","id":"cjhf3zah700bo0954iwjvg6uc","fieldName":"owner"}],[{"_typeName":"User","id":"cjh6ogin002030954xwp3h3e9","fieldName":"orders"},{"_typeName":"Order","id":"cjhf41qim00c20954uwjcgzzi","fieldName":"owner"}],[{"_typeName":"User","id":"cjh6ogin002030954xwp3h3e9","fieldName":"orders"},{"_typeName":"Order","id":"cjhf42ydj00cg0954rlnq0gdy","fieldName":"owner"}],[{"_typeName":"User","id":"cjh6ogin002030954xwp3h3e9","fieldName":"orders"},{"_typeName":"Order","id":"cjhf440f800co0954hshuk21t","fieldName":"owner"}],[{"_typeName":"User","id":"cjh6ogin002030954xwp3h3e9","fieldName":"orders"},{"_typeName":"Order","id":"cjhf457u100cv09544ujgrhx8","fieldName":"owner"}],[{"_typeName":"User","id":"cjh6ogin002030954xwp3h3e9","fieldName":"orders"},{"_typeName":"Order","id":"cjhf47upj00dh0954b7qwf29q","fieldName":"owner"}],[{"_typeName":"User","id":"cjh6ogin002030954xwp3h3e9","fieldName":"orders"},{"_typeName":"Order","id":"cjhf4v6f400fi09540hxcaigc","fieldName":"owner"}],[{"_typeName":"User","id":"cjh6ogin002030954xwp3h3e9","fieldName":"orders"},{"_typeName":"Order","id":"cjhf5zyy700hu0954dyz0e2jk","fieldName":"owner"}],[{"_typeName":"User","id":"cjh6ogin002030954xwp3h3e9","fieldName":"orders"},{"_typeName":"Order","id":"cjhf61zpi00is0954s5ybk1w0","fieldName":"owner"}],[{"_typeName":"User","id":"cjh6ogin002030954xwp3h3e9","fieldName":"orders"},{"_typeName":"Order","id":"cjhf63ihw00jb09548uy6sk3z","fieldName":"owner"}],[{"_typeName":"User","id":"cjh6ogin002030954xwp3h3e9","fieldName":"orders"},{"_typeName":"Order","id":"cjhf64dyk00jr0954sljc9nd5","fieldName":"owner"}],[{"_typeName":"User","id":"cjh6ogin002030954xwp3h3e9","fieldName":"orders"},{"_typeName":"Order","id":"cjhf6605w00kj0954sno61fh3","fieldName":"owner"}],[{"_typeName":"User","id":"cjh6ogin002030954xwp3h3e9","fieldName":"orders"},{"_typeName":"Order","id":"cjhf6a4uf00lm0954q793j0g7","fieldName":"owner"}],[{"_typeName":"User","id":"cjh6ogin002030954xwp3h3e9","fieldName":"orders"},{"_typeName":"Order","id":"cjhf6ctfj00mk0954ow25jg4g","fieldName":"owner"}],[{"_typeName":"User","id":"cjh6ogin002030954xwp3h3e9","fieldName":"orders"},{"_typeName":"Order","id":"cjhf6uqbd00q50954gpyke587","fieldName":"owner"}],[{"_typeName":"User","id":"cjh6ogin002030954xwp3h3e9","fieldName":"orders"},{"_typeName":"Order","id":"cjhf6z75300qk0954s4q8hwij","fieldName":"owner"}],[{"_typeName":"User","id":"cjh6ogin002030954xwp3h3e9","fieldName":"orders"},{"_typeName":"Order","id":"cjhf7athy00s009549wrewvz3","fieldName":"owner"}],[{"_typeName":"User","id":"cjh6ogin002030954xwp3h3e9","fieldName":"orders"},{"_typeName":"Order","id":"cjhf7cz3b00t10954tqiqomm6","fieldName":"owner"}],[{"_typeName":"User","id":"cjh6ogin002030954xwp3h3e9","fieldName":"orders"},{"_typeName":"Order","id":"cjhf7hubf00u60954y2ak7w1m","fieldName":"owner"}],[{"_typeName":"User","id":"cjh6ogin002030954xwp3h3e9","fieldName":"orders"},{"_typeName":"Order","id":"cjhf7jc1200uz0954vnff9os4","fieldName":"owner"}],[{"_typeName":"User","id":"cjh6ogin002030954xwp3h3e9","fieldName":"orders"},{"_typeName":"Order","id":"cjhf7l8bq00vs0954oclzujkf","fieldName":"owner"}],[{"_typeName":"User","id":"cjh6ogin002030954xwp3h3e9","fieldName":"orders"},{"_typeName":"Order","id":"cjhg5xc03006k0954fnj9vpnx","fieldName":"owner"}],[{"_typeName":"User","id":"cjh6ogin002030954xwp3h3e9","fieldName":"orders"},{"_typeName":"Order","id":"cjhg5y61m007b0954t85zmxut","fieldName":"owner"}],[{"_typeName":"User","id":"cjh6ogin002030954xwp3h3e9","fieldName":"orders"},{"_typeName":"Order","id":"cjhg60nz4007r0954pt0ccvaj","fieldName":"owner"}],[{"_typeName":"User","id":"cjh6ogin002030954xwp3h3e9","fieldName":"orders"},{"_typeName":"Order","id":"cjhg62z2600850954v91yyqtb","fieldName":"owner"}],[{"_typeName":"User","id":"cjh6ogin002030954xwp3h3e9","fieldName":"orders"},{"_typeName":"Order","id":"cjhg64zb300910954msl123r6","fieldName":"owner"}],[{"_typeName":"User","id":"cjh6ogin002030954xwp3h3e9","fieldName":"orders"},{"_typeName":"Order","id":"cjhg68892009x09547kvn8i05","fieldName":"owner"}],[{"_typeName":"User","id":"cjh6ogin002030954xwp3h3e9","fieldName":"orders"},{"_typeName":"Order","id":"cjhg7i6ym00b30954f3c6q68r","fieldName":"owner"}],[{"_typeName":"User","id":"cjh6ogin002030954xwp3h3e9","fieldName":"orders"},{"_typeName":"Order","id":"cjhg7wpym00c00954sltbuezr","fieldName":"owner"}],[{"_typeName":"User","id":"cjh6ogin002030954xwp3h3e9","fieldName":"orders"},{"_typeName":"Order","id":"cjhg7zj6400cg0954l11bewi7","fieldName":"owner"}],[{"_typeName":"User","id":"cjh6ogin002030954xwp3h3e9","fieldName":"orders"},{"_typeName":"Order","id":"cjhg87yt300dm09540l45rtsa","fieldName":"owner"}],[{"_typeName":"User","id":"cjh6ogin002030954xwp3h3e9","fieldName":"orders"},{"_typeName":"Order","id":"cjhi0s0rt000b0954x5vrimpl","fieldName":"owner"}],[{"_typeName":"User","id":"cjh6ogin002030954xwp3h3e9","fieldName":"orders"},{"_typeName":"Order","id":"cjhi0twi2000t0954n4y4xecc","fieldName":"owner"}],[{"_typeName":"User","id":"cjh6ogin002030954xwp3h3e9","fieldName":"orders"},{"_typeName":"Order","id":"cjhi0y3ys001b0954ixik0xhx","fieldName":"owner"}],[{"_typeName":"User","id":"cjh6ogin002030954xwp3h3e9","fieldName":"orders"},{"_typeName":"Order","id":"cjhi10v8d001t0954jshkblni","fieldName":"owner"}],[{"_typeName":"User","id":"cjh6ogin002030954xwp3h3e9","fieldName":"orders"},{"_typeName":"Order","id":"cjhi13w90002909548kaz71wa","fieldName":"owner"}],[{"_typeName":"User","id":"cjh6ogin002030954xwp3h3e9","fieldName":"orders"},{"_typeName":"Order","id":"cjhi1fscj002v0954h1syxybh","fieldName":"owner"}],[{"_typeName":"User","id":"cjh6ogin002030954xwp3h3e9","fieldName":"orders"},{"_typeName":"Order","id":"cjhi1ld3n003b0954da2chu9a","fieldName":"owner"}],[{"_typeName":"User","id":"cjh6ogin002030954xwp3h3e9","fieldName":"orders"},{"_typeName":"Order","id":"cjhi1n8jr003t0954g1yt50ba","fieldName":"owner"}],[{"_typeName":"User","id":"cjh6ogin002030954xwp3h3e9","fieldName":"orders"},{"_typeName":"Order","id":"cjhi1pkzy00430954q8du30ke","fieldName":"owner"}],[{"_typeName":"Variant","id":"cjh6jfe55005h09541cpyc3av","fieldName":"product"},{"_typeName":"Product","id":"cjh6jfe54005g09544c9uu807","fieldName":"variants"}],[{"_typeName":"Variant","id":"cjh6jfkt3005t0954ho0m45vs","fieldName":"product"},{"_typeName":"Product","id":"cjh6jfkt2005s0954k93q1cy6","fieldName":"variants"}],[{"_typeName":"Variant","id":"cjh6lqtyh007v0954zlytvrgx","fieldName":"product"},{"_typeName":"Product","id":"cjh6lqtyh007u0954kano4q9u","fieldName":"variants"}],[{"_typeName":"Variant","id":"cjh6o8fik01vs0954w2wyya6c","fieldName":"product"},{"_typeName":"Product","id":"cjh6o8fik01vr0954962y2tzo","fieldName":"variants"}],[{"_typeName":"Variant","id":"cjh6o8jd201w40954aka4jfug","fieldName":"product"},{"_typeName":"Product","id":"cjh6o8jd101w30954d26t5bb6","fieldName":"variants"}],[{"_typeName":"Variant","id":"cjh6o8n0f01wg0954gptulh29","fieldName":"product"},{"_typeName":"Product","id":"cjh6o8n0f01wf09545q29b2jn","fieldName":"variants"}],[{"_typeName":"Variant","id":"cjh6o8r8e01ws0954d2z18ymr","fieldName":"product"},{"_typeName":"Product","id":"cjh6o8r8e01wr0954cqsd0klp","fieldName":"variants"}],[{"_typeName":"Variant","id":"cjh6o8wsm01x40954lo83dpwd","fieldName":"product"},{"_typeName":"Product","id":"cjh6o8wsm01x30954pbl1qr4p","fieldName":"variants"}],[{"_typeName":"Variant","id":"cjh6qyfkw025g095461550jl4","fieldName":"product"},{"_typeName":"Product","id":"cjh6qyfkw025f0954ytsqvecb","fieldName":"variants"}],[{"_typeName":"Variant","id":"cjh6qyjnj025s095499by5ovw","fieldName":"product"},{"_typeName":"Product","id":"cjh6qyjni025r0954ddoyshsp","fieldName":"variants"}],[{"_typeName":"Variant","id":"cjh6qyqvr02640954530w1crv","fieldName":"product"},{"_typeName":"Product","id":"cjh6qyqvq02630954a0umasoo","fieldName":"variants"}],[{"_typeName":"Variant","id":"cjh6qywgv026g0954dar97ne3","fieldName":"product"},{"_typeName":"Product","id":"cjh6qywgu026f0954as0vk0g2","fieldName":"variants"}],[{"_typeName":"OrderLineItem","id":"cjh6tetv102iv0954h138wz4d"},{"_typeName":"Order","id":"cjh6tf5kf02jc09540x278ogh","fieldName":"lineItems"}],[{"_typeName":"OrderLineItem","id":"cjh6tf14h02j309543o78etge"},{"_typeName":"Order","id":"cjh6tf5kf02jc09540x278ogh","fieldName":"lineItems"}],[{"_typeName":"OrderLineItem","id":"cjhdj37lt001509547v37an1e"},{"_typeName":"Order","id":"cjhdj9qv0001q0954mbtg2e9r","fieldName":"lineItems"}],[{"_typeName":"OrderLineItem","id":"cjhdjamy100240954gt2bn6ya"},{"_typeName":"Order","id":"cjhdjaqnr002d0954tzs6iq6w","fieldName":"lineItems"}],[{"_typeName":"OrderLineItem","id":"cjhdjbrco002r0954diqzalqm"},{"_typeName":"Order","id":"cjhdjbu2j00300954nozpghrx","fieldName":"lineItems"}],[{"_typeName":"OrderLineItem","id":"cjhdjea7x003e0954joylfe2h"},{"_typeName":"Order","id":"cjhdjegc9003n0954hxwtudrc","fieldName":"lineItems"}],[{"_typeName":"OrderLineItem","id":"cjhdjgkfz00410954h14rora8"},{"_typeName":"Order","id":"cjhdjh007004a0954om4zf5hm","fieldName":"lineItems"}],[{"_typeName":"OrderLineItem","id":"cjhdjktmo004o0954yfn561op"},{"_typeName":"Order","id":"cjhdjkwuh004x0954hokfr81j","fieldName":"lineItems"}],[{"_typeName":"OrderLineItem","id":"cjhdjyluk005d0954pvbskbto"},{"_typeName":"Order","id":"cjhdk2jwt006d0954h62z7qm9","fieldName":"lineItems"}],[{"_typeName":"OrderLineItem","id":"cjhdk45pz006r0954yd6mjlt2"},{"_typeName":"Order","id":"cjhdk48cq00700954zv6apub6","fieldName":"lineItems"}],[{"_typeName":"OrderLineItem","id":"cjhdk4wj4007e0954j2bla61e"},{"_typeName":"Order","id":"cjhdk50ic007n0954ewvrd7at","fieldName":"lineItems"}],[{"_typeName":"OrderLineItem","id":"cjhdkc6aq008109544uqr4vq6"},{"_typeName":"Order","id":"cjhdkc8to008a0954s4ny4iqf","fieldName":"lineItems"}],[{"_typeName":"OrderLineItem","id":"cjhdkg0pk008o0954xx6u75d2"},{"_typeName":"Order","id":"cjhdkg2r1008x0954pj1klexm","fieldName":"lineItems"}],[{"_typeName":"OrderLineItem","id":"cjhdkkkom009b095475t3vaj5"},{"_typeName":"Order","id":"cjhdkkmv6009k095438dltqkr","fieldName":"lineItems"}],[{"_typeName":"OrderLineItem","id":"cjhdkszkz009z09540upd7bud"},{"_typeName":"Order","id":"cjhdkt1x200a80954y28oadcn","fieldName":"lineItems"}],[{"_typeName":"OrderLineItem","id":"cjhdkwbwd00an0954cbr6ipjh"},{"_typeName":"Order","id":"cjhdkwdwf00aw09542rek3zmb","fieldName":"lineItems"}],[{"_typeName":"OrderLineItem","id":"cjhdlnb7g00bd09549g1pe184"},{"_typeName":"Order","id":"cjhdlneg900bm0954fb020asd","fieldName":"lineItems"}],[{"_typeName":"OrderLineItem","id":"cjhdlsnde00c10954z602b2nl"},{"_typeName":"Order","id":"cjhdlspqs00ca09548nx5wo10","fieldName":"lineItems"}],[{"_typeName":"OrderLineItem","id":"cjhdltsyh00cp09543v3hwq7a"},{"_typeName":"Order","id":"cjhdltuvy00cy0954q9692qg1","fieldName":"lineItems"}],[{"_typeName":"OrderLineItem","id":"cjhdlwuqm00dd0954tb81oaow"},{"_typeName":"Order","id":"cjhdlwx6500dm0954nrdx77i6","fieldName":"lineItems"}],[{"_typeName":"OrderLineItem","id":"cjhdm68vk00e30954nw9buacy"},{"_typeName":"Order","id":"cjhdm6b6v00ec0954q9i72jty","fieldName":"lineItems"}],[{"_typeName":"OrderLineItem","id":"cjhdm9a9x00et095436vlj409"},{"_typeName":"Order","id":"cjhdm9cjp00f20954cvljdp9f","fieldName":"lineItems"}],[{"_typeName":"OrderLineItem","id":"cjhevjx3y000j0954jc1d6bdz"},{"_typeName":"Order","id":"cjhevk8oe000s0954s28ygvdy","fieldName":"lineItems"}],[{"_typeName":"OrderLineItem","id":"cjhexp80q001d0954dhubfw5m"},{"_typeName":"Order","id":"cjhexyrhu0027095478t3prza","fieldName":"lineItems"}],[{"_typeName":"OrderLineItem","id":"cjheyj826002q09548c4vxszz"},{"_typeName":"Order","id":"cjheymko400380954pb25it4v","fieldName":"lineItems"}],[{"_typeName":"OrderLineItem","id":"cjhez6ew7003n0954gquwmcve"},{"_typeName":"Order","id":"cjhf1p95u007x0954xjljtbum","fieldName":"lineItems"}],[{"_typeName":"OrderLineItem","id":"cjhf1r77w008a095400vo2i2w"},{"_typeName":"Order","id":"cjhf1sifm008l0954btf2o5rh","fieldName":"lineItems"}],[{"_typeName":"OrderLineItem","id":"cjhf23phf008y095439lm67sy"},{"_typeName":"Order","id":"cjhf248ty009a0954fn02f9l1","fieldName":"lineItems"}],[{"_typeName":"OrderLineItem","id":"cjhf260jd009n09540butyst3"},{"_typeName":"Order","id":"cjhf26kua009y0954kjuxzf9p","fieldName":"lineItems"}],[{"_typeName":"OrderLineItem","id":"cjhf4t27y00ev0954rykixgme"},{"_typeName":"Order","id":"cjhf4v6f400fi09540hxcaigc","fieldName":"lineItems"}],[{"_typeName":"OrderLineItem","id":"cjhf5off000gf0954f0sjptxc"},{"_typeName":"Order","id":"cjhf5zyy700hu0954dyz0e2jk","fieldName":"lineItems"}],[{"_typeName":"OrderLineItem","id":"cjhf614s500ic09548611jmd5"},{"_typeName":"Order","id":"cjhf61zpi00is0954s5ybk1w0","fieldName":"lineItems"}],[{"_typeName":"OrderLineItem","id":"cjhf614s500ic09548611jmd5"},{"_typeName":"Order","id":"cjhf63ihw00jb09548uy6sk3z","fieldName":"lineItems"}],[{"_typeName":"OrderLineItem","id":"cjhf614s500ic09548611jmd5"},{"_typeName":"Order","id":"cjhf64dyk00jr0954sljc9nd5","fieldName":"lineItems"}],[{"_typeName":"OrderLineItem","id":"cjhf65n2p00k90954r1wn1cvu"},{"_typeName":"Order","id":"cjhf6605w00kj0954sno61fh3","fieldName":"lineItems"}],[{"_typeName":"OrderLineItem","id":"cjhf69o8m00l509543vulnb9h"},{"_typeName":"Order","id":"cjhf6a4uf00lm0954q793j0g7","fieldName":"lineItems"}],[{"_typeName":"OrderLineItem","id":"cjhf69uhh00ld09543p47jkxi"},{"_typeName":"Order","id":"cjhf6a4uf00lm0954q793j0g7","fieldName":"lineItems"}],[{"_typeName":"OrderLineItem","id":"cjhf6ceve00m70954nqvqb1rj"},{"_typeName":"Order","id":"cjhf6ctfj00mk0954ow25jg4g","fieldName":"lineItems"}],[{"_typeName":"OrderLineItem","id":"cjhf6ceve00m9095432d9ufl2"},{"_typeName":"Order","id":"cjhf6ctfj00mk0954ow25jg4g","fieldName":"lineItems"}],[{"_typeName":"OrderLineItem","id":"cjhf6e9xn00n309543ws1oe35"},{"_typeName":"Order","id":"cjhf6uqbd00q50954gpyke587","fieldName":"lineItems"}],[{"_typeName":"OrderLineItem","id":"cjhf6e9xn00n50954jb7zil67"},{"_typeName":"Order","id":"cjhf6uqbd00q50954gpyke587","fieldName":"lineItems"}],[{"_typeName":"OrderLineItem","id":"cjhf6e9xn00n309543ws1oe35"},{"_typeName":"Order","id":"cjhf6z75300qk0954s4q8hwij","fieldName":"lineItems"}],[{"_typeName":"OrderLineItem","id":"cjhf6e9xn00n50954jb7zil67"},{"_typeName":"Order","id":"cjhf6z75300qk0954s4q8hwij","fieldName":"lineItems"}],[{"_typeName":"OrderLineItem","id":"cjhf7344y00r70954xb6lbp7e"},{"_typeName":"Order","id":"cjhf7athy00s009549wrewvz3","fieldName":"lineItems"}],[{"_typeName":"OrderLineItem","id":"cjhf7344z00r90954fhvg051k"},{"_typeName":"Order","id":"cjhf7athy00s009549wrewvz3","fieldName":"lineItems"}],[{"_typeName":"OrderLineItem","id":"cjhf7ck9q00sm0954n8fz7r90"},{"_typeName":"Order","id":"cjhf7cz3b00t10954tqiqomm6","fieldName":"lineItems"}],[{"_typeName":"OrderLineItem","id":"cjhf7ck9q00so0954w61ux4io"},{"_typeName":"Order","id":"cjhf7cz3b00t10954tqiqomm6","fieldName":"lineItems"}],[{"_typeName":"OrderLineItem","id":"cjhf7hemm00tr0954v1kru6fe"},{"_typeName":"Order","id":"cjhf7hubf00u60954y2ak7w1m","fieldName":"lineItems"}],[{"_typeName":"OrderLineItem","id":"cjhf7hemn00tt0954wytn7c5b"},{"_typeName":"Order","id":"cjhf7hubf00u60954y2ak7w1m","fieldName":"lineItems"}],[{"_typeName":"OrderLineItem","id":"cjhf7iayr00uk09545pqsbp0o"},{"_typeName":"Order","id":"cjhf7jc1200uz0954vnff9os4","fieldName":"lineItems"}],[{"_typeName":"OrderLineItem","id":"cjhf7iayr00um0954gnk2tmbe"},{"_typeName":"Order","id":"cjhf7jc1200uz0954vnff9os4","fieldName":"lineItems"}],[{"_typeName":"OrderLineItem","id":"cjhf7ktrx00vd0954or7e7w0b"},{"_typeName":"Order","id":"cjhf7l8bq00vs0954oclzujkf","fieldName":"lineItems"}],[{"_typeName":"OrderLineItem","id":"cjhf7ktrx00vf0954l8glq8sp"},{"_typeName":"Order","id":"cjhf7l8bq00vs0954oclzujkf","fieldName":"lineItems"}],[{"_typeName":"OrderLineItem","id":"cjhg0cu6z000a095455pzh9vn"},{"_typeName":"Order","id":"cjhg5xc03006k0954fnj9vpnx","fieldName":"lineItems"}],[{"_typeName":"OrderLineItem","id":"cjhg0cu84000c0954047lgzet"},{"_typeName":"Order","id":"cjhg5xc03006k0954fnj9vpnx","fieldName":"lineItems"}],[{"_typeName":"OrderLineItem","id":"cjhg5xlqf006y09540vhxo833"},{"_typeName":"Order","id":"cjhg5y61m007b0954t85zmxut","fieldName":"lineItems"}],[{"_typeName":"OrderLineItem","id":"cjhg5xlqg00700954uwnkilzu"},{"_typeName":"Order","id":"cjhg5y61m007b0954t85zmxut","fieldName":"lineItems"}],[{"_typeName":"OrderLineItem","id":"cjhg5xlqf006y09540vhxo833"},{"_typeName":"Order","id":"cjhg60nz4007r0954pt0ccvaj","fieldName":"lineItems"}],[{"_typeName":"OrderLineItem","id":"cjhg5xlqg00700954uwnkilzu"},{"_typeName":"Order","id":"cjhg60nz4007r0954pt0ccvaj","fieldName":"lineItems"}],[{"_typeName":"OrderLineItem","id":"cjhg5xlqf006y09540vhxo833"},{"_typeName":"Order","id":"cjhg62z2600850954v91yyqtb","fieldName":"lineItems"}],[{"_typeName":"OrderLineItem","id":"cjhg5xlqg00700954uwnkilzu"},{"_typeName":"Order","id":"cjhg62z2600850954v91yyqtb","fieldName":"lineItems"}],[{"_typeName":"OrderLineItem","id":"cjhg64or8008o0954tyibhb76"},{"_typeName":"Order","id":"cjhg64zb300910954msl123r6","fieldName":"lineItems"}],[{"_typeName":"OrderLineItem","id":"cjhg64or9008q09542xogl8g6"},{"_typeName":"Order","id":"cjhg64zb300910954msl123r6","fieldName":"lineItems"}],[{"_typeName":"OrderLineItem","id":"cjhg67z4z009k0954eezocdhg"},{"_typeName":"Order","id":"cjhg68892009x09547kvn8i05","fieldName":"lineItems"}],[{"_typeName":"OrderLineItem","id":"cjhg67z4z009m095476qn6qug"},{"_typeName":"Order","id":"cjhg68892009x09547kvn8i05","fieldName":"lineItems"}],[{"_typeName":"OrderLineItem","id":"cjhg6cimh00ag0954qch57na8"},{"_typeName":"Order","id":"cjhg7i6ym00b30954f3c6q68r","fieldName":"lineItems"}],[{"_typeName":"OrderLineItem","id":"cjhg6cimh00ai0954ciqdm6ok"},{"_typeName":"Order","id":"cjhg7i6ym00b30954f3c6q68r","fieldName":"lineItems"}],[{"_typeName":"OrderLineItem","id":"cjhg7wb0y00bn0954ix1r3lit"},{"_typeName":"Order","id":"cjhg7wpym00c00954sltbuezr","fieldName":"lineItems"}],[{"_typeName":"OrderLineItem","id":"cjhg7wb0z00bp0954c1xw2gfo"},{"_typeName":"Order","id":"cjhg7wpym00c00954sltbuezr","fieldName":"lineItems"}],[{"_typeName":"OrderLineItem","id":"cjhg7wb0y00bn0954ix1r3lit"},{"_typeName":"Order","id":"cjhg7zj6400cg0954l11bewi7","fieldName":"lineItems"}],[{"_typeName":"OrderLineItem","id":"cjhg7wb0z00bp0954c1xw2gfo"},{"_typeName":"Order","id":"cjhg7zj6400cg0954l11bewi7","fieldName":"lineItems"}],[{"_typeName":"OrderLineItem","id":"cjhg87i5t00d90954w062i71u"},{"_typeName":"Order","id":"cjhg87yt300dm09540l45rtsa","fieldName":"lineItems"}],[{"_typeName":"OrderLineItem","id":"cjhg87i5t00db095468qgjye8"},{"_typeName":"Order","id":"cjhg87yt300dm09540l45rtsa","fieldName":"lineItems"}],[{"_typeName":"OrderLineItem","id":"cjhg87i5t00d90954w062i71u"},{"_typeName":"Order","id":"cjhi0s0rt000b0954x5vrimpl","fieldName":"lineItems"}],[{"_typeName":"OrderLineItem","id":"cjhg87i5t00db095468qgjye8"},{"_typeName":"Order","id":"cjhi0s0rt000b0954x5vrimpl","fieldName":"lineItems"}],[{"_typeName":"OrderLineItem","id":"cjhg87i5t00d90954w062i71u"},{"_typeName":"Order","id":"cjhi0twi2000t0954n4y4xecc","fieldName":"lineItems"}],[{"_typeName":"OrderLineItem","id":"cjhg87i5t00db095468qgjye8"},{"_typeName":"Order","id":"cjhi0twi2000t0954n4y4xecc","fieldName":"lineItems"}],[{"_typeName":"OrderLineItem","id":"cjhg87i5t00d90954w062i71u"},{"_typeName":"Order","id":"cjhi0y3ys001b0954ixik0xhx","fieldName":"lineItems"}],[{"_typeName":"OrderLineItem","id":"cjhg87i5t00db095468qgjye8"},{"_typeName":"Order","id":"cjhi0y3ys001b0954ixik0xhx","fieldName":"lineItems"}],[{"_typeName":"OrderLineItem","id":"cjhg87i5t00d90954w062i71u"},{"_typeName":"Order","id":"cjhi10v8d001t0954jshkblni","fieldName":"lineItems"}],[{"_typeName":"OrderLineItem","id":"cjhg87i5t00db095468qgjye8"},{"_typeName":"Order","id":"cjhi10v8d001t0954jshkblni","fieldName":"lineItems"}],[{"_typeName":"OrderLineItem","id":"cjhg87i5t00d90954w062i71u"},{"_typeName":"Order","id":"cjhi13w90002909548kaz71wa","fieldName":"lineItems"}],[{"_typeName":"OrderLineItem","id":"cjhg87i5t00db095468qgjye8"},{"_typeName":"Order","id":"cjhi13w90002909548kaz71wa","fieldName":"lineItems"}],[{"_typeName":"OrderLineItem","id":"cjhg87i5t00d90954w062i71u"},{"_typeName":"Order","id":"cjhi1fscj002v0954h1syxybh","fieldName":"lineItems"}],[{"_typeName":"OrderLineItem","id":"cjhg87i5t00db095468qgjye8"},{"_typeName":"Order","id":"cjhi1fscj002v0954h1syxybh","fieldName":"lineItems"}],[{"_typeName":"OrderLineItem","id":"cjhg87i5t00d90954w062i71u"},{"_typeName":"Order","id":"cjhi1ld3n003b0954da2chu9a","fieldName":"lineItems"}],[{"_typeName":"OrderLineItem","id":"cjhg87i5t00db095468qgjye8"},{"_typeName":"Order","id":"cjhi1ld3n003b0954da2chu9a","fieldName":"lineItems"}],[{"_typeName":"OrderLineItem","id":"cjhg87i5t00d90954w062i71u"},{"_typeName":"Order","id":"cjhi1n8jr003t0954g1yt50ba","fieldName":"lineItems"}],[{"_typeName":"OrderLineItem","id":"cjhg87i5t00db095468qgjye8"},{"_typeName":"Order","id":"cjhi1n8jr003t0954g1yt50ba","fieldName":"lineItems"}],[{"_typeName":"OrderLineItem","id":"cjhg87i5t00d90954w062i71u"},{"_typeName":"Order","id":"cjhi1pkzy00430954q8du30ke","fieldName":"lineItems"}],[{"_typeName":"OrderLineItem","id":"cjhg87i5t00db095468qgjye8"},{"_typeName":"Order","id":"cjhi1pkzy00430954q8du30ke","fieldName":"lineItems"}],[{"_typeName":"ShopMetadata","id":"cjh6m2elh009c0954eszuxy5t","fieldName":"newProducts"},{"_typeName":"OrderableProduct","id":"cjh6qtvwi024u09544st05l2h","fieldName":"metadataNewProduct"}],[{"_typeName":"ShopMetadata","id":"cjh6m2elh009c0954eszuxy5t","fieldName":"newProducts"},{"_typeName":"OrderableProduct","id":"cjh6qtvwi024v0954yvefnrwh","fieldName":"metadataNewProduct"}],[{"_typeName":"ShopMetadata","id":"cjh6m2elh009c0954eszuxy5t","fieldName":"newProducts"},{"_typeName":"OrderableProduct","id":"cjh6qtvwi024w0954g7qrzkcy","fieldName":"metadataNewProduct"}],[{"_typeName":"Product","id":"cjh6jfe54005g09544c9uu807","fieldName":"brand"},{"_typeName":"Brand","id":"cjh6je7cn004u09540ycxd8lz"}],[{"_typeName":"Product","id":"cjh6jfkt2005s0954k93q1cy6","fieldName":"brand"},{"_typeName":"Brand","id":"cjh6je7cn004u09540ycxd8lz"}],[{"_typeName":"Product","id":"cjh6lqtyh007u0954kano4q9u","fieldName":"brand"},{"_typeName":"Brand","id":"cjh6je7cn004u09540ycxd8lz"}],[{"_typeName":"Product","id":"cjh6o8fik01vr0954962y2tzo","fieldName":"brand"},{"_typeName":"Brand","id":"cjh6je7cn004u09540ycxd8lz"}],[{"_typeName":"Product","id":"cjh6o8jd101w30954d26t5bb6","fieldName":"brand"},{"_typeName":"Brand","id":"cjh6je7cn004u09540ycxd8lz"}],[{"_typeName":"Product","id":"cjh6o8n0f01wf09545q29b2jn","fieldName":"brand"},{"_typeName":"Brand","id":"cjh6je7cn004u09540ycxd8lz"}],[{"_typeName":"Product","id":"cjh6o8r8e01wr0954cqsd0klp","fieldName":"brand"},{"_typeName":"Brand","id":"cjh6je7cn004u09540ycxd8lz"}],[{"_typeName":"Product","id":"cjh6o8wsm01x30954pbl1qr4p","fieldName":"brand"},{"_typeName":"Brand","id":"cjh6je7cn004u09540ycxd8lz"}],[{"_typeName":"Product","id":"cjh6qyfkw025f0954ytsqvecb","fieldName":"brand"},{"_typeName":"Brand","id":"cjh6t1yx202gh0954iqp5gght"}],[{"_typeName":"Product","id":"cjh6qyjni025r0954ddoyshsp","fieldName":"brand"},{"_typeName":"Brand","id":"cjh6t1yx202gh0954iqp5gght"}],[{"_typeName":"Product","id":"cjh6qyqvq02630954a0umasoo","fieldName":"brand"},{"_typeName":"Brand","id":"cjh6t1yx202gh0954iqp5gght"}],[{"_typeName":"Product","id":"cjh6qywgu026f0954as0vk0g2","fieldName":"brand"},{"_typeName":"Brand","id":"cjh6t1yx202gh0954iqp5gght"}],[{"_typeName":"ShopMetadata","id":"cjh6m2elh009c0954eszuxy5t","fieldName":"bestSalesProducts"},{"_typeName":"OrderableProduct","id":"cjh6qtesh024i0954rh9bpxjz","fieldName":"metadataBestSale"}],[{"_typeName":"ShopMetadata","id":"cjh6m2elh009c0954eszuxy5t","fieldName":"bestSalesProducts"},{"_typeName":"OrderableProduct","id":"cjh6qtesh024j0954c7w9j25g","fieldName":"metadataBestSale"}],[{"_typeName":"ShopMetadata","id":"cjh6m2elh009c0954eszuxy5t","fieldName":"bestSalesProducts"},{"_typeName":"OrderableProduct","id":"cjh6qtesh024k0954yln3j0fr","fieldName":"metadataBestSale"}],[{"_typeName":"Product","id":"cjh6jfe54005g09544c9uu807","fieldName":"category"},{"_typeName":"Category","id":"cjh6j7z0d004g0954h3y1hwrm"}],[{"_typeName":"Product","id":"cjh6jfkt2005s0954k93q1cy6","fieldName":"category"},{"_typeName":"Category","id":"cjh6j7z0d004g0954h3y1hwrm"}],[{"_typeName":"Product","id":"cjh6lqtyh007u0954kano4q9u","fieldName":"category"},{"_typeName":"Category","id":"cjh6j7z0d004g0954h3y1hwrm"}],[{"_typeName":"Product","id":"cjh6o8fik01vr0954962y2tzo","fieldName":"category"},{"_typeName":"Category","id":"cjh6j7z0d004g0954h3y1hwrm"}],[{"_typeName":"Product","id":"cjh6o8jd101w30954d26t5bb6","fieldName":"category"},{"_typeName":"Category","id":"cjh6j7z0d004g0954h3y1hwrm"}],[{"_typeName":"Product","id":"cjh6o8n0f01wf09545q29b2jn","fieldName":"category"},{"_typeName":"Category","id":"cjh6j7z0d004g0954h3y1hwrm"}],[{"_typeName":"Product","id":"cjh6o8r8e01wr0954cqsd0klp","fieldName":"category"},{"_typeName":"Category","id":"cjh6j7z0d004g0954h3y1hwrm"}],[{"_typeName":"Product","id":"cjh6o8wsm01x30954pbl1qr4p","fieldName":"category"},{"_typeName":"Category","id":"cjh6j7z0d004g0954h3y1hwrm"}],[{"_typeName":"Product","id":"cjh6qyfkw025f0954ytsqvecb","fieldName":"category"},{"_typeName":"Category","id":"cjh6j7z0d004g0954h3y1hwrm"}],[{"_typeName":"Product","id":"cjh6qyjni025r0954ddoyshsp","fieldName":"category"},{"_typeName":"Category","id":"cjh6j7z0d004g0954h3y1hwrm"}],[{"_typeName":"Product","id":"cjh6qyqvq02630954a0umasoo","fieldName":"category"},{"_typeName":"Category","id":"cjh6j7z0d004g0954h3y1hwrm"}],[{"_typeName":"Product","id":"cjh6qywgu026f0954as0vk0g2","fieldName":"category"},{"_typeName":"Category","id":"cjh6j7z0d004g0954h3y1hwrm"}],[{"_typeName":"Product","id":"cjh6jfe54005g09544c9uu807","fieldName":"options"},{"_typeName":"Option","id":"cjh6jf41j00580954qrcoewo7"}],[{"_typeName":"Product","id":"cjh6jfkt2005s0954k93q1cy6","fieldName":"options"},{"_typeName":"Option","id":"cjh6jf41j00580954qrcoewo7"}],[{"_typeName":"Product","id":"cjh6lqtyh007u0954kano4q9u","fieldName":"options"},{"_typeName":"Option","id":"cjh6jf41j00580954qrcoewo7"}],[{"_typeName":"Product","id":"cjh6o8fik01vr0954962y2tzo","fieldName":"options"},{"_typeName":"Option","id":"cjh6jf41j00580954qrcoewo7"}],[{"_typeName":"Product","id":"cjh6o8jd101w30954d26t5bb6","fieldName":"options"},{"_typeName":"Option","id":"cjh6jf41j00580954qrcoewo7"}],[{"_typeName":"Product","id":"cjh6o8n0f01wf09545q29b2jn","fieldName":"options"},{"_typeName":"Option","id":"cjh6jf41j00580954qrcoewo7"}],[{"_typeName":"Product","id":"cjh6o8r8e01wr0954cqsd0klp","fieldName":"options"},{"_typeName":"Option","id":"cjh6jf41j00580954qrcoewo7"}],[{"_typeName":"Product","id":"cjh6o8wsm01x30954pbl1qr4p","fieldName":"options"},{"_typeName":"Option","id":"cjh6jf41j00580954qrcoewo7"}],[{"_typeName":"Product","id":"cjh6qyfkw025f0954ytsqvecb","fieldName":"options"},{"_typeName":"Option","id":"cjh6jf41j00580954qrcoewo7"}],[{"_typeName":"Product","id":"cjh6qyjni025r0954ddoyshsp","fieldName":"options"},{"_typeName":"Option","id":"cjh6jf41j00580954qrcoewo7"}],[{"_typeName":"Product","id":"cjh6qyqvq02630954a0umasoo","fieldName":"options"},{"_typeName":"Option","id":"cjh6jf41j00580954qrcoewo7"}],[{"_typeName":"Product","id":"cjh6qywgu026f0954as0vk0g2","fieldName":"options"},{"_typeName":"Option","id":"cjh6jf41j00580954qrcoewo7"}],[{"_typeName":"OptionValue","id":"cjh6jf41p00590954z58fqbi8"},{"_typeName":"Option","id":"cjh6jf41j00580954qrcoewo7","fieldName":"values"}],[{"_typeName":"SelectedOption","id":"cjh6jfe56005i0954oya8l2t7","fieldName":"value"},{"_typeName":"OptionValue","id":"cjh6jf41p00590954z58fqbi8"}],[{"_typeName":"SelectedOption","id":"cjh6jfkt3005u0954hkn8y5bv","fieldName":"value"},{"_typeName":"OptionValue","id":"cjh6jf41p00590954z58fqbi8"}],[{"_typeName":"SelectedOption","id":"cjh6lqtyh007w0954l6d2aiyt","fieldName":"value"},{"_typeName":"OptionValue","id":"cjh6jf41p00590954z58fqbi8"}],[{"_typeName":"SelectedOption","id":"cjh6o8fik01vt0954a3x0voe3","fieldName":"value"},{"_typeName":"OptionValue","id":"cjh6jf41p00590954z58fqbi8"}],[{"_typeName":"SelectedOption","id":"cjh6o8jd201w50954ov3t24c6","fieldName":"value"},{"_typeName":"OptionValue","id":"cjh6jf41p00590954z58fqbi8"}],[{"_typeName":"SelectedOption","id":"cjh6o8n0f01wh0954x3teopvx","fieldName":"value"},{"_typeName":"OptionValue","id":"cjh6jf41p00590954z58fqbi8"}],[{"_typeName":"SelectedOption","id":"cjh6o8r8e01wt095411t5ibux","fieldName":"value"},{"_typeName":"OptionValue","id":"cjh6jf41p00590954z58fqbi8"}],[{"_typeName":"SelectedOption","id":"cjh6o8wsm01x509543sdol5h7","fieldName":"value"},{"_typeName":"OptionValue","id":"cjh6jf41p00590954z58fqbi8"}],[{"_typeName":"SelectedOption","id":"cjh6qyfkw025h09548w2jan0j","fieldName":"value"},{"_typeName":"OptionValue","id":"cjh6jf41p00590954z58fqbi8"}],[{"_typeName":"SelectedOption","id":"cjh6qyjnj025t0954yar172wg","fieldName":"value"},{"_typeName":"OptionValue","id":"cjh6jf41p00590954z58fqbi8"}],[{"_typeName":"SelectedOption","id":"cjh6qyqvr02650954qyw6tiva","fieldName":"value"},{"_typeName":"OptionValue","id":"cjh6jf41p00590954z58fqbi8"}],[{"_typeName":"SelectedOption","id":"cjh6qywgv026h0954psu51kg3","fieldName":"value"},{"_typeName":"OptionValue","id":"cjh6jf41p00590954z58fqbi8"}],[{"_typeName":"SelectedOption","id":"cjh6jfe56005i0954oya8l2t7","fieldName":"option"},{"_typeName":"Option","id":"cjh6jf41j00580954qrcoewo7"}],[{"_typeName":"SelectedOption","id":"cjh6jfkt3005u0954hkn8y5bv","fieldName":"option"},{"_typeName":"Option","id":"cjh6jf41j00580954qrcoewo7"}],[{"_typeName":"SelectedOption","id":"cjh6lqtyh007w0954l6d2aiyt","fieldName":"option"},{"_typeName":"Option","id":"cjh6jf41j00580954qrcoewo7"}],[{"_typeName":"SelectedOption","id":"cjh6o8fik01vt0954a3x0voe3","fieldName":"option"},{"_typeName":"Option","id":"cjh6jf41j00580954qrcoewo7"}],[{"_typeName":"SelectedOption","id":"cjh6o8jd201w50954ov3t24c6","fieldName":"option"},{"_typeName":"Option","id":"cjh6jf41j00580954qrcoewo7"}],[{"_typeName":"SelectedOption","id":"cjh6o8n0f01wh0954x3teopvx","fieldName":"option"},{"_typeName":"Option","id":"cjh6jf41j00580954qrcoewo7"}],[{"_typeName":"SelectedOption","id":"cjh6o8r8e01wt095411t5ibux","fieldName":"option"},{"_typeName":"Option","id":"cjh6jf41j00580954qrcoewo7"}],[{"_typeName":"SelectedOption","id":"cjh6o8wsm01x509543sdol5h7","fieldName":"option"},{"_typeName":"Option","id":"cjh6jf41j00580954qrcoewo7"}],[{"_typeName":"SelectedOption","id":"cjh6qyfkw025h09548w2jan0j","fieldName":"option"},{"_typeName":"Option","id":"cjh6jf41j00580954qrcoewo7"}],[{"_typeName":"SelectedOption","id":"cjh6qyjnj025t0954yar172wg","fieldName":"option"},{"_typeName":"Option","id":"cjh6jf41j00580954qrcoewo7"}],[{"_typeName":"SelectedOption","id":"cjh6qyqvr02650954qyw6tiva","fieldName":"option"},{"_typeName":"Option","id":"cjh6jf41j00580954qrcoewo7"}],[{"_typeName":"SelectedOption","id":"cjh6qywgv026h0954psu51kg3","fieldName":"option"},{"_typeName":"Option","id":"cjh6jf41j00580954qrcoewo7"}],[{"_typeName":"User","id":"cjh6ogin002030954xwp3h3e9","fieldName":"cart"},{"_typeName":"OrderLineItem","id":"cjhi29m2k00690954y2cuqewq","fieldName":"owner"}],[{"_typeName":"User","id":"cjh6ogin002030954xwp3h3e9","fieldName":"cart"},{"_typeName":"OrderLineItem","id":"cjhi29m2k006b09549ak5yrjy","fieldName":"owner"}],[{"_typeName":"Variant","id":"cjh6jfe55005h09541cpyc3av"},{"_typeName":"OrderLineItem","id":"cjh6tetv102iv0954h138wz4d","fieldName":"variant"}],[{"_typeName":"Variant","id":"cjh6lqtyh007v0954zlytvrgx"},{"_typeName":"OrderLineItem","id":"cjh6tf14h02j309543o78etge","fieldName":"variant"}],[{"_typeName":"Variant","id":"cjh6jfe55005h09541cpyc3av"},{"_typeName":"OrderLineItem","id":"cjhdj37lt001509547v37an1e","fieldName":"variant"}],[{"_typeName":"Variant","id":"cjh6jfe55005h09541cpyc3av"},{"_typeName":"OrderLineItem","id":"cjhdjamy100240954gt2bn6ya","fieldName":"variant"}],[{"_typeName":"Variant","id":"cjh6jfe55005h09541cpyc3av"},{"_typeName":"OrderLineItem","id":"cjhdjbrco002r0954diqzalqm","fieldName":"variant"}],[{"_typeName":"Variant","id":"cjh6jfe55005h09541cpyc3av"},{"_typeName":"OrderLineItem","id":"cjhdjea7x003e0954joylfe2h","fieldName":"variant"}],[{"_typeName":"Variant","id":"cjh6jfe55005h09541cpyc3av"},{"_typeName":"OrderLineItem","id":"cjhdjgkfz00410954h14rora8","fieldName":"variant"}],[{"_typeName":"Variant","id":"cjh6jfe55005h09541cpyc3av"},{"_typeName":"OrderLineItem","id":"cjhdjktmo004o0954yfn561op","fieldName":"variant"}],[{"_typeName":"Variant","id":"cjh6jfe55005h09541cpyc3av"},{"_typeName":"OrderLineItem","id":"cjhdjyluk005d0954pvbskbto","fieldName":"variant"}],[{"_typeName":"Variant","id":"cjh6jfe55005h09541cpyc3av"},{"_typeName":"OrderLineItem","id":"cjhdk45pz006r0954yd6mjlt2","fieldName":"variant"}],[{"_typeName":"Variant","id":"cjh6jfe55005h09541cpyc3av"},{"_typeName":"OrderLineItem","id":"cjhdk4wj4007e0954j2bla61e","fieldName":"variant"}],[{"_typeName":"Variant","id":"cjh6jfe55005h09541cpyc3av"},{"_typeName":"OrderLineItem","id":"cjhdkc6aq008109544uqr4vq6","fieldName":"variant"}],[{"_typeName":"Variant","id":"cjh6jfe55005h09541cpyc3av"},{"_typeName":"OrderLineItem","id":"cjhdkg0pk008o0954xx6u75d2","fieldName":"variant"}],[{"_typeName":"Variant","id":"cjh6jfe55005h09541cpyc3av"},{"_typeName":"OrderLineItem","id":"cjhdkkkom009b095475t3vaj5","fieldName":"variant"}],[{"_typeName":"Variant","id":"cjh6jfe55005h09541cpyc3av"},{"_typeName":"OrderLineItem","id":"cjhdkszkz009z09540upd7bud","fieldName":"variant"}],[{"_typeName":"Variant","id":"cjh6jfe55005h09541cpyc3av"},{"_typeName":"OrderLineItem","id":"cjhdkwbwd00an0954cbr6ipjh","fieldName":"variant"}],[{"_typeName":"Variant","id":"cjh6jfe55005h09541cpyc3av"},{"_typeName":"OrderLineItem","id":"cjhdlnb7g00bd09549g1pe184","fieldName":"variant"}],[{"_typeName":"Variant","id":"cjh6jfe55005h09541cpyc3av"},{"_typeName":"OrderLineItem","id":"cjhdlsnde00c10954z602b2nl","fieldName":"variant"}],[{"_typeName":"Variant","id":"cjh6jfe55005h09541cpyc3av"},{"_typeName":"OrderLineItem","id":"cjhdltsyh00cp09543v3hwq7a","fieldName":"variant"}],[{"_typeName":"Variant","id":"cjh6jfe55005h09541cpyc3av"},{"_typeName":"OrderLineItem","id":"cjhdlwuqm00dd0954tb81oaow","fieldName":"variant"}],[{"_typeName":"Variant","id":"cjh6jfe55005h09541cpyc3av"},{"_typeName":"OrderLineItem","id":"cjhdm68vk00e30954nw9buacy","fieldName":"variant"}],[{"_typeName":"Variant","id":"cjh6jfe55005h09541cpyc3av"},{"_typeName":"OrderLineItem","id":"cjhdm9a9x00et095436vlj409","fieldName":"variant"}],[{"_typeName":"Variant","id":"cjh6jfe55005h09541cpyc3av"},{"_typeName":"OrderLineItem","id":"cjhevjx3y000j0954jc1d6bdz","fieldName":"variant"}],[{"_typeName":"Variant","id":"cjh6jfe55005h09541cpyc3av"},{"_typeName":"OrderLineItem","id":"cjhexp80q001d0954dhubfw5m","fieldName":"variant"}],[{"_typeName":"Variant","id":"cjh6jfe55005h09541cpyc3av"},{"_typeName":"OrderLineItem","id":"cjheyj826002q09548c4vxszz","fieldName":"variant"}],[{"_typeName":"Variant","id":"cjh6jfe55005h09541cpyc3av"},{"_typeName":"OrderLineItem","id":"cjhez6ew7003n0954gquwmcve","fieldName":"variant"}],[{"_typeName":"Variant","id":"cjh6jfe55005h09541cpyc3av"},{"_typeName":"OrderLineItem","id":"cjhf1r77w008a095400vo2i2w","fieldName":"variant"}],[{"_typeName":"Variant","id":"cjh6jfe55005h09541cpyc3av"},{"_typeName":"OrderLineItem","id":"cjhf23phf008y095439lm67sy","fieldName":"variant"}],[{"_typeName":"Variant","id":"cjh6jfe55005h09541cpyc3av"},{"_typeName":"OrderLineItem","id":"cjhf260jd009n09540butyst3","fieldName":"variant"}],[{"_typeName":"Variant","id":"cjh6jfkt3005t0954ho0m45vs"},{"_typeName":"OrderLineItem","id":"cjhf4t27y00ev0954rykixgme","fieldName":"variant"}],[{"_typeName":"Variant","id":"cjh6jfkt3005t0954ho0m45vs"},{"_typeName":"OrderLineItem","id":"cjhf5off000gf0954f0sjptxc","fieldName":"variant"}],[{"_typeName":"Variant","id":"cjh6jfkt3005t0954ho0m45vs"},{"_typeName":"OrderLineItem","id":"cjhf614s500ic09548611jmd5","fieldName":"variant"}],[{"_typeName":"Variant","id":"cjh6jfkt3005t0954ho0m45vs"},{"_typeName":"OrderLineItem","id":"cjhf65n2p00k90954r1wn1cvu","fieldName":"variant"}],[{"_typeName":"Variant","id":"cjh6jfkt3005t0954ho0m45vs"},{"_typeName":"OrderLineItem","id":"cjhf69o8m00l509543vulnb9h","fieldName":"variant"}],[{"_typeName":"Variant","id":"cjh6o8fik01vs0954w2wyya6c"},{"_typeName":"OrderLineItem","id":"cjhf69uhh00ld09543p47jkxi","fieldName":"variant"}],[{"_typeName":"Variant","id":"cjh6jfkt3005t0954ho0m45vs"},{"_typeName":"OrderLineItem","id":"cjhf6ceve00m70954nqvqb1rj","fieldName":"variant"}],[{"_typeName":"Variant","id":"cjh6o8fik01vs0954w2wyya6c"},{"_typeName":"OrderLineItem","id":"cjhf6ceve00m9095432d9ufl2","fieldName":"variant"}],[{"_typeName":"Variant","id":"cjh6jfkt3005t0954ho0m45vs"},{"_typeName":"OrderLineItem","id":"cjhf6e9xn00n309543ws1oe35","fieldName":"variant"}],[{"_typeName":"Variant","id":"cjh6o8fik01vs0954w2wyya6c"},{"_typeName":"OrderLineItem","id":"cjhf6e9xn00n50954jb7zil67","fieldName":"variant"}],[{"_typeName":"Variant","id":"cjh6jfkt3005t0954ho0m45vs"},{"_typeName":"OrderLineItem","id":"cjhf7344y00r70954xb6lbp7e","fieldName":"variant"}],[{"_typeName":"Variant","id":"cjh6o8fik01vs0954w2wyya6c"},{"_typeName":"OrderLineItem","id":"cjhf7344z00r90954fhvg051k","fieldName":"variant"}],[{"_typeName":"Variant","id":"cjh6jfkt3005t0954ho0m45vs"},{"_typeName":"OrderLineItem","id":"cjhf7ck9q00sm0954n8fz7r90","fieldName":"variant"}],[{"_typeName":"Variant","id":"cjh6o8fik01vs0954w2wyya6c"},{"_typeName":"OrderLineItem","id":"cjhf7ck9q00so0954w61ux4io","fieldName":"variant"}],[{"_typeName":"Variant","id":"cjh6jfkt3005t0954ho0m45vs"},{"_typeName":"OrderLineItem","id":"cjhf7hemm00tr0954v1kru6fe","fieldName":"variant"}],[{"_typeName":"Variant","id":"cjh6o8fik01vs0954w2wyya6c"},{"_typeName":"OrderLineItem","id":"cjhf7hemn00tt0954wytn7c5b","fieldName":"variant"}],[{"_typeName":"Variant","id":"cjh6jfkt3005t0954ho0m45vs"},{"_typeName":"OrderLineItem","id":"cjhf7iayr00uk09545pqsbp0o","fieldName":"variant"}],[{"_typeName":"Variant","id":"cjh6o8fik01vs0954w2wyya6c"},{"_typeName":"OrderLineItem","id":"cjhf7iayr00um0954gnk2tmbe","fieldName":"variant"}],[{"_typeName":"Variant","id":"cjh6jfkt3005t0954ho0m45vs"},{"_typeName":"OrderLineItem","id":"cjhf7ktrx00vd0954or7e7w0b","fieldName":"variant"}],[{"_typeName":"Variant","id":"cjh6o8fik01vs0954w2wyya6c"},{"_typeName":"OrderLineItem","id":"cjhf7ktrx00vf0954l8glq8sp","fieldName":"variant"}],[{"_typeName":"Variant","id":"cjh6jfkt3005t0954ho0m45vs"},{"_typeName":"OrderLineItem","id":"cjhg0cu6z000a095455pzh9vn","fieldName":"variant"}],[{"_typeName":"Variant","id":"cjh6o8fik01vs0954w2wyya6c"},{"_typeName":"OrderLineItem","id":"cjhg0cu84000c0954047lgzet","fieldName":"variant"}],[{"_typeName":"Variant","id":"cjh6jfkt3005t0954ho0m45vs"},{"_typeName":"OrderLineItem","id":"cjhg5xlqf006y09540vhxo833","fieldName":"variant"}],[{"_typeName":"Variant","id":"cjh6o8fik01vs0954w2wyya6c"},{"_typeName":"OrderLineItem","id":"cjhg5xlqg00700954uwnkilzu","fieldName":"variant"}],[{"_typeName":"Variant","id":"cjh6jfkt3005t0954ho0m45vs"},{"_typeName":"OrderLineItem","id":"cjhg64or8008o0954tyibhb76","fieldName":"variant"}],[{"_typeName":"Variant","id":"cjh6o8fik01vs0954w2wyya6c"},{"_typeName":"OrderLineItem","id":"cjhg64or9008q09542xogl8g6","fieldName":"variant"}],[{"_typeName":"Variant","id":"cjh6jfkt3005t0954ho0m45vs"},{"_typeName":"OrderLineItem","id":"cjhg67z4z009k0954eezocdhg","fieldName":"variant"}],[{"_typeName":"Variant","id":"cjh6o8fik01vs0954w2wyya6c"},{"_typeName":"OrderLineItem","id":"cjhg67z4z009m095476qn6qug","fieldName":"variant"}],[{"_typeName":"Variant","id":"cjh6jfkt3005t0954ho0m45vs"},{"_typeName":"OrderLineItem","id":"cjhg6cimh00ag0954qch57na8","fieldName":"variant"}],[{"_typeName":"Variant","id":"cjh6o8fik01vs0954w2wyya6c"},{"_typeName":"OrderLineItem","id":"cjhg6cimh00ai0954ciqdm6ok","fieldName":"variant"}],[{"_typeName":"Variant","id":"cjh6jfkt3005t0954ho0m45vs"},{"_typeName":"OrderLineItem","id":"cjhg7wb0y00bn0954ix1r3lit","fieldName":"variant"}],[{"_typeName":"Variant","id":"cjh6o8fik01vs0954w2wyya6c"},{"_typeName":"OrderLineItem","id":"cjhg7wb0z00bp0954c1xw2gfo","fieldName":"variant"}],[{"_typeName":"Variant","id":"cjh6jfkt3005t0954ho0m45vs"},{"_typeName":"OrderLineItem","id":"cjhg87i5t00d90954w062i71u","fieldName":"variant"}],[{"_typeName":"Variant","id":"cjh6o8fik01vs0954w2wyya6c"},{"_typeName":"OrderLineItem","id":"cjhg87i5t00db095468qgjye8","fieldName":"variant"}],[{"_typeName":"Variant","id":"cjh6jfkt3005t0954ho0m45vs"},{"_typeName":"OrderLineItem","id":"cjhi29m2k00690954y2cuqewq","fieldName":"variant"}],[{"_typeName":"Variant","id":"cjh6o8fik01vs0954w2wyya6c"},{"_typeName":"OrderLineItem","id":"cjhi29m2k006b09549ak5yrjy","fieldName":"variant"}]]}