{"valueType":"relations","values":[[{"_typeName":"Option","id":"cjh0olip2011k0952f9th8zgc","fieldName":"category"},{"_typeName":"Category","id":"cjh0ojpwo010g0952o6iluzgs","fieldName":"options"}],[{"_typeName":"Option","id":"cjh0okvun01160952ktz71f0z","fieldName":"category"},{"_typeName":"Category","id":"cjh0ojl8g010c0952uo3jwp3s","fieldName":"options"}],[{"_typeName":"Option","id":"cjh0omsi4012909524438qev2","fieldName":"category"},{"_typeName":"Category","id":"cjh0ojl8g010c0952uo3jwp3s","fieldName":"options"}],[{"_typeName":"Option","id":"cjh502xne02ll0952zh2yk8wq","fieldName":"category"},{"_typeName":"Category","id":"cjh50137i02l10952s2k5a6vu","fieldName":"options"}],[{"_typeName":"Product","id":"cjh4ujjaw01ys095214qtkih2","fieldName":"unavailableOptionsValues"},{"_typeName":"OptionValue","id":"cjh0okvun011709523vmh3kpv"}],[{"_typeName":"Category","id":"cjh0ojl8g010c0952uo3jwp3s"},{"_typeName":"Brand","id":"cjh0ok2pn010p0952o39dsxbf","fieldName":"category"}],[{"_typeName":"Category","id":"cjh0ojpwo010g0952o6iluzgs"},{"_typeName":"Brand","id":"cjh0okci8010u0952lspufr5c","fieldName":"category"}],[{"_typeName":"Category","id":"cjh0ojl8g010c0952uo3jwp3s"},{"_typeName":"Brand","id":"cjh3kswi0018i0952yvpww9yd","fieldName":"category"}],[{"_typeName":"Category","id":"cjh0ojl8g010c0952uo3jwp3s"},{"_typeName":"Brand","id":"cjh4uhsxw01y2095251z70grn","fieldName":"category"}],[{"_typeName":"Category","id":"cjh0ojl8g010c0952uo3jwp3s"},{"_typeName":"Brand","id":"cjh4uk6bc021c095218o2jtxl","fieldName":"category"}],[{"_typeName":"Category","id":"cjh50137i02l10952s2k5a6vu"},{"_typeName":"Brand","id":"cjh501cf302l50952134p7zbf","fieldName":"category"}],[{"_typeName":"Category","id":"cjh50137i02l10952s2k5a6vu"},{"_typeName":"Brand","id":"cjh503ciq02lz095215ez4uyh","fieldName":"category"}],[{"_typeName":"Variant","id":"cjh4ujjax01yt0952p5sjozg2","fieldName":"selectedOptions"},{"_typeName":"SelectedOption","id":"cjh4ujjax01yu0952kkz383rd","fieldName":"variant"}],[{"_typeName":"Variant","id":"cjh4ujjax01yt0952p5sjozg2","fieldName":"selectedOptions"},{"_typeName":"SelectedOption","id":"cjh4ujjaz01yv0952tthng3ag","fieldName":"variant"}],[{"_typeName":"Variant","id":"cjh4ujjaz01yw095289bmwgf9","fieldName":"selectedOptions"},{"_typeName":"SelectedOption","id":"cjh4ujjaz01yx0952frc2ebp8","fieldName":"variant"}],[{"_typeName":"Variant","id":"cjh4ujjaz01yw095289bmwgf9","fieldName":"selectedOptions"},{"_typeName":"SelectedOption","id":"cjh4ujjaz01yy0952fje2adza","fieldName":"variant"}],[{"_typeName":"Variant","id":"cjh4ujjaz01yz0952kmpitsa1","fieldName":"selectedOptions"},{"_typeName":"SelectedOption","id":"cjh4ujjb101z00952l3w9onz1","fieldName":"variant"}],[{"_typeName":"Variant","id":"cjh4ujjaz01yz0952kmpitsa1","fieldName":"selectedOptions"},{"_typeName":"SelectedOption","id":"cjh4ujjb201z10952ud7e6kwd","fieldName":"variant"}],[{"_typeName":"Variant","id":"cjh4ujjb201z20952fnm1sext","fieldName":"selectedOptions"},{"_typeName":"SelectedOption","id":"cjh4ujjb201z30952njr3gzv6","fieldName":"variant"}],[{"_typeName":"Variant","id":"cjh4ujjb201z20952fnm1sext","fieldName":"selectedOptions"},{"_typeName":"SelectedOption","id":"cjh4ujjb201z40952s26pn2sv","fieldName":"variant"}],[{"_typeName":"Variant","id":"cjh4ujjb201z50952jksziz80","fieldName":"selectedOptions"},{"_typeName":"SelectedOption","id":"cjh4ujjb201z609520nkkq4nq","fieldName":"variant"}],[{"_typeName":"Variant","id":"cjh4ujjb201z50952jksziz80","fieldName":"selectedOptions"},{"_typeName":"SelectedOption","id":"cjh4ujjb201z70952z5l9f58q","fieldName":"variant"}],[{"_typeName":"Variant","id":"cjh4ujjb301z8095299ep4b60","fieldName":"selectedOptions"},{"_typeName":"SelectedOption","id":"cjh4ujjb301z90952er8wynmq","fieldName":"variant"}],[{"_typeName":"Variant","id":"cjh4ujjb301z8095299ep4b60","fieldName":"selectedOptions"},{"_typeName":"SelectedOption","id":"cjh4ujjb301za0952myv17si6","fieldName":"variant"}],[{"_typeName":"Variant","id":"cjh4ujjb301zb0952z44l4h02","fieldName":"selectedOptions"},{"_typeName":"SelectedOption","id":"cjh4ujjb301zc0952wz190h6b","fieldName":"variant"}],[{"_typeName":"Variant","id":"cjh4ujjb301zb0952z44l4h02","fieldName":"selectedOptions"},{"_typeName":"SelectedOption","id":"cjh4ujjb301zd0952n5dxfwoa","fieldName":"variant"}],[{"_typeName":"Variant","id":"cjh4ujjb301ze09529c8f5jmy","fieldName":"selectedOptions"},{"_typeName":"SelectedOption","id":"cjh4ujjb401zf0952bdelxtwb","fieldName":"variant"}],[{"_typeName":"Variant","id":"cjh4ujjb301ze09529c8f5jmy","fieldName":"selectedOptions"},{"_typeName":"SelectedOption","id":"cjh4ujjb401zg0952p50pxe2a","fieldName":"variant"}],[{"_typeName":"Variant","id":"cjh4ukpan021j0952lgla69fk","fieldName":"selectedOptions"},{"_typeName":"SelectedOption","id":"cjh4ukpan021k09520j6uhxyv","fieldName":"variant"}],[{"_typeName":"Variant","id":"cjh4ukpan021j0952lgla69fk","fieldName":"selectedOptions"},{"_typeName":"SelectedOption","id":"cjh4ukpan021l09528r1w6vwp","fieldName":"variant"}],[{"_typeName":"Variant","id":"cjh4ukpan021m0952f71unx9p","fieldName":"selectedOptions"},{"_typeName":"SelectedOption","id":"cjh4ukpan021n0952eb4imz6h","fieldName":"variant"}],[{"_typeName":"Variant","id":"cjh4ukpan021m0952f71unx9p","fieldName":"selectedOptions"},{"_typeName":"SelectedOption","id":"cjh4ukpan021o09520llsidwj","fieldName":"variant"}],[{"_typeName":"Variant","id":"cjh4ukpao021p0952hf9b8eo4","fieldName":"selectedOptions"},{"_typeName":"SelectedOption","id":"cjh4ukpao021q0952pwn6fl73","fieldName":"variant"}],[{"_typeName":"Variant","id":"cjh4ukpao021p0952hf9b8eo4","fieldName":"selectedOptions"},{"_typeName":"SelectedOption","id":"cjh4ukpao021r09528fuztxvc","fieldName":"variant"}],[{"_typeName":"Variant","id":"cjh4ukpao021s0952sdudajgu","fieldName":"selectedOptions"},{"_typeName":"SelectedOption","id":"cjh4ukpao021t0952pnrfdap1","fieldName":"variant"}],[{"_typeName":"Variant","id":"cjh4ukpao021s0952sdudajgu","fieldName":"selectedOptions"},{"_typeName":"SelectedOption","id":"cjh4ukpao021u0952as2cfhfm","fieldName":"variant"}],[{"_typeName":"Variant","id":"cjh4ukpao021v0952slmhvacx","fieldName":"selectedOptions"},{"_typeName":"SelectedOption","id":"cjh4ukpao021w0952uuvxpixj","fieldName":"variant"}],[{"_typeName":"Variant","id":"cjh4ukpao021v0952slmhvacx","fieldName":"selectedOptions"},{"_typeName":"SelectedOption","id":"cjh4ukpap021x0952lhwez11o","fieldName":"variant"}],[{"_typeName":"Variant","id":"cjh4ukpap021y0952l9lvfio7","fieldName":"selectedOptions"},{"_typeName":"SelectedOption","id":"cjh4ukpap021z0952d8cawgp0","fieldName":"variant"}],[{"_typeName":"Variant","id":"cjh4ukpap021y0952l9lvfio7","fieldName":"selectedOptions"},{"_typeName":"SelectedOption","id":"cjh4ukpap02200952e8lvw31o","fieldName":"variant"}],[{"_typeName":"Variant","id":"cjh4ukpap02210952dbygfroj","fieldName":"selectedOptions"},{"_typeName":"SelectedOption","id":"cjh4ukpap02220952t62z2kq3","fieldName":"variant"}],[{"_typeName":"Variant","id":"cjh4ukpap02210952dbygfroj","fieldName":"selectedOptions"},{"_typeName":"SelectedOption","id":"cjh4ukpap02230952e8oxip9z","fieldName":"variant"}],[{"_typeName":"Variant","id":"cjh4ukpap02240952vptygt37","fieldName":"selectedOptions"},{"_typeName":"SelectedOption","id":"cjh4ukpap02250952lr07aj6o","fieldName":"variant"}],[{"_typeName":"Variant","id":"cjh4ukpap02240952vptygt37","fieldName":"selectedOptions"},{"_typeName":"SelectedOption","id":"cjh4ukpaq02260952uuvtbkad","fieldName":"variant"}],[{"_typeName":"Variant","id":"cjh4vpqj3025h0952e5ch2i4u","fieldName":"selectedOptions"},{"_typeName":"SelectedOption","id":"cjh4vpqj3025i09526csmh4fi","fieldName":"variant"}],[{"_typeName":"Variant","id":"cjh4vpqj3025h0952e5ch2i4u","fieldName":"selectedOptions"},{"_typeName":"SelectedOption","id":"cjh4vpqj4025j09529y80iqxh","fieldName":"variant"}],[{"_typeName":"Variant","id":"cjh4vpqj4025k0952g3to2kmo","fieldName":"selectedOptions"},{"_typeName":"SelectedOption","id":"cjh4vpqj4025l0952qr8g9mk9","fieldName":"variant"}],[{"_typeName":"Variant","id":"cjh4vpqj4025k0952g3to2kmo","fieldName":"selectedOptions"},{"_typeName":"SelectedOption","id":"cjh4vpqj5025m0952w8ab0t9e","fieldName":"variant"}],[{"_typeName":"Variant","id":"cjh4vpqj5025n0952w9c6gc7l","fieldName":"selectedOptions"},{"_typeName":"SelectedOption","id":"cjh4vpqj5025o0952un7fg7p4","fieldName":"variant"}],[{"_typeName":"Variant","id":"cjh4vpqj5025n0952w9c6gc7l","fieldName":"selectedOptions"},{"_typeName":"SelectedOption","id":"cjh4vpqj6025p0952znkknygc","fieldName":"variant"}],[{"_typeName":"Variant","id":"cjh4vpqj6025q0952qa9ye8ee","fieldName":"selectedOptions"},{"_typeName":"SelectedOption","id":"cjh4vpqj6025r0952qll4egk4","fieldName":"variant"}],[{"_typeName":"Variant","id":"cjh4vpqj6025q0952qa9ye8ee","fieldName":"selectedOptions"},{"_typeName":"SelectedOption","id":"cjh4vpqj6025s0952uex5jw75","fieldName":"variant"}],[{"_typeName":"Variant","id":"cjh4vpqj6025t09529imps2wf","fieldName":"selectedOptions"},{"_typeName":"SelectedOption","id":"cjh4vpqj6025u0952be9jv9dd","fieldName":"variant"}],[{"_typeName":"Variant","id":"cjh4vpqj6025t09529imps2wf","fieldName":"selectedOptions"},{"_typeName":"SelectedOption","id":"cjh4vpqj7025v0952h7t4vee1","fieldName":"variant"}],[{"_typeName":"Variant","id":"cjh4vpqj7025w09525m8wvdl6","fieldName":"selectedOptions"},{"_typeName":"SelectedOption","id":"cjh4vpqj7025x0952vzdkgqc8","fieldName":"variant"}],[{"_typeName":"Variant","id":"cjh4vpqj7025w09525m8wvdl6","fieldName":"selectedOptions"},{"_typeName":"SelectedOption","id":"cjh4vpqj7025y09527h8j0tlp","fieldName":"variant"}],[{"_typeName":"Variant","id":"cjh4vpqj7025z09523m6hpk6m","fieldName":"selectedOptions"},{"_typeName":"SelectedOption","id":"cjh4vpqj702600952sr69jrsi","fieldName":"variant"}],[{"_typeName":"Variant","id":"cjh4vpqj7025z09523m6hpk6m","fieldName":"selectedOptions"},{"_typeName":"SelectedOption","id":"cjh4vpqj802610952kc9j34zn","fieldName":"variant"}],[{"_typeName":"Variant","id":"cjh4vpqj802620952m5cy7ffs","fieldName":"selectedOptions"},{"_typeName":"SelectedOption","id":"cjh4vpqj802630952g21xbtqh","fieldName":"variant"}],[{"_typeName":"Variant","id":"cjh4vpqj802620952m5cy7ffs","fieldName":"selectedOptions"},{"_typeName":"SelectedOption","id":"cjh4vpqj802640952jgpt5nx0","fieldName":"variant"}],[{"_typeName":"Variant","id":"cjh5058i202m50952z9tn00nd","fieldName":"selectedOptions"},{"_typeName":"SelectedOption","id":"cjh5058i202m60952mp75uop0","fieldName":"variant"}],[{"_typeName":"Variant","id":"cjh5058i502m70952gwnb4vv7","fieldName":"selectedOptions"},{"_typeName":"SelectedOption","id":"cjh5058i502m80952ataa095m","fieldName":"variant"}],[{"_typeName":"Variant","id":"cjh5058i502m909523ihsild5","fieldName":"selectedOptions"},{"_typeName":"SelectedOption","id":"cjh5058i602ma09528i8fi82x","fieldName":"variant"}],[{"_typeName":"Variant","id":"cjh5058i602mb0952df4bih8p","fieldName":"selectedOptions"},{"_typeName":"SelectedOption","id":"cjh5058i602mc0952d34b0o5a","fieldName":"variant"}],[{"_typeName":"Category","id":"cjh0ojl8g010c0952uo3jwp3s"},{"_typeName":"Attribute","id":"cjh0om2sw01240952wvrmu9jz","fieldName":"category"}],[{"_typeName":"Category","id":"cjh0ojl8g010c0952uo3jwp3s"},{"_typeName":"Attribute","id":"cjh0olt7f011z09529bre91dz","fieldName":"category"}],[{"_typeName":"Category","id":"cjh50137i02l10952s2k5a6vu"},{"_typeName":"Attribute","id":"cjh501zoc02la09529wzkvvcq","fieldName":"category"}],[{"_typeName":"Category","id":"cjh50137i02l10952s2k5a6vu"},{"_typeName":"Attribute","id":"cjh5023p802lf0952inxb75ok","fieldName":"category"}],[{"_typeName":"Product","id":"cjh4ujjaw01ys095214qtkih2","fieldName":"attributes"},{"_typeName":"Attribute","id":"cjh0olt7f011z09529bre91dz","fieldName":"products"}],[{"_typeName":"Product","id":"cjh4ujjaw01ys095214qtkih2","fieldName":"attributes"},{"_typeName":"Attribute","id":"cjh0om2sw01240952wvrmu9jz","fieldName":"products"}],[{"_typeName":"Product","id":"cjh4ukpam021i09529gxqf5lw","fieldName":"attributes"},{"_typeName":"Attribute","id":"cjh0olt7f011z09529bre91dz","fieldName":"products"}],[{"_typeName":"Product","id":"cjh4ukpam021i09529gxqf5lw","fieldName":"attributes"},{"_typeName":"Attribute","id":"cjh0om2sw01240952wvrmu9jz","fieldName":"products"}],[{"_typeName":"Product","id":"cjh4vpqj3025g09524p3xwr20","fieldName":"attributes"},{"_typeName":"Attribute","id":"cjh0olt7f011z09529bre91dz","fieldName":"products"}],[{"_typeName":"Product","id":"cjh4vpqj3025g09524p3xwr20","fieldName":"attributes"},{"_typeName":"Attribute","id":"cjh0om2sw01240952wvrmu9jz","fieldName":"products"}],[{"_typeName":"Product","id":"cjh5058i202m40952o5y0z1l3","fieldName":"attributes"},{"_typeName":"Attribute","id":"cjh5023p802lf0952inxb75ok","fieldName":"products"}],[{"_typeName":"Variant","id":"cjh4ujjax01yt0952p5sjozg2","fieldName":"product"},{"_typeName":"Product","id":"cjh4ujjaw01ys095214qtkih2","fieldName":"variants"}],[{"_typeName":"Variant","id":"cjh4ujjaz01yw095289bmwgf9","fieldName":"product"},{"_typeName":"Product","id":"cjh4ujjaw01ys095214qtkih2","fieldName":"variants"}],[{"_typeName":"Variant","id":"cjh4ujjaz01yz0952kmpitsa1","fieldName":"product"},{"_typeName":"Product","id":"cjh4ujjaw01ys095214qtkih2","fieldName":"variants"}],[{"_typeName":"Variant","id":"cjh4ujjb201z20952fnm1sext","fieldName":"product"},{"_typeName":"Product","id":"cjh4ujjaw01ys095214qtkih2","fieldName":"variants"}],[{"_typeName":"Variant","id":"cjh4ujjb201z50952jksziz80","fieldName":"product"},{"_typeName":"Product","id":"cjh4ujjaw01ys095214qtkih2","fieldName":"variants"}],[{"_typeName":"Variant","id":"cjh4ujjb301z8095299ep4b60","fieldName":"product"},{"_typeName":"Product","id":"cjh4ujjaw01ys095214qtkih2","fieldName":"variants"}],[{"_typeName":"Variant","id":"cjh4ujjb301zb0952z44l4h02","fieldName":"product"},{"_typeName":"Product","id":"cjh4ujjaw01ys095214qtkih2","fieldName":"variants"}],[{"_typeName":"Variant","id":"cjh4ujjb301ze09529c8f5jmy","fieldName":"product"},{"_typeName":"Product","id":"cjh4ujjaw01ys095214qtkih2","fieldName":"variants"}],[{"_typeName":"Variant","id":"cjh4ukpan021j0952lgla69fk","fieldName":"product"},{"_typeName":"Product","id":"cjh4ukpam021i09529gxqf5lw","fieldName":"variants"}],[{"_typeName":"Variant","id":"cjh4ukpan021m0952f71unx9p","fieldName":"product"},{"_typeName":"Product","id":"cjh4ukpam021i09529gxqf5lw","fieldName":"variants"}],[{"_typeName":"Variant","id":"cjh4ukpao021p0952hf9b8eo4","fieldName":"product"},{"_typeName":"Product","id":"cjh4ukpam021i09529gxqf5lw","fieldName":"variants"}],[{"_typeName":"Variant","id":"cjh4ukpao021s0952sdudajgu","fieldName":"product"},{"_typeName":"Product","id":"cjh4ukpam021i09529gxqf5lw","fieldName":"variants"}],[{"_typeName":"Variant","id":"cjh4ukpao021v0952slmhvacx","fieldName":"product"},{"_typeName":"Product","id":"cjh4ukpam021i09529gxqf5lw","fieldName":"variants"}],[{"_typeName":"Variant","id":"cjh4ukpap021y0952l9lvfio7","fieldName":"product"},{"_typeName":"Product","id":"cjh4ukpam021i09529gxqf5lw","fieldName":"variants"}],[{"_typeName":"Variant","id":"cjh4ukpap02210952dbygfroj","fieldName":"product"},{"_typeName":"Product","id":"cjh4ukpam021i09529gxqf5lw","fieldName":"variants"}],[{"_typeName":"Variant","id":"cjh4ukpap02240952vptygt37","fieldName":"product"},{"_typeName":"Product","id":"cjh4ukpam021i09529gxqf5lw","fieldName":"variants"}],[{"_typeName":"Variant","id":"cjh4vpqj3025h0952e5ch2i4u","fieldName":"product"},{"_typeName":"Product","id":"cjh4vpqj3025g09524p3xwr20","fieldName":"variants"}],[{"_typeName":"Variant","id":"cjh4vpqj4025k0952g3to2kmo","fieldName":"product"},{"_typeName":"Product","id":"cjh4vpqj3025g09524p3xwr20","fieldName":"variants"}],[{"_typeName":"Variant","id":"cjh4vpqj5025n0952w9c6gc7l","fieldName":"product"},{"_typeName":"Product","id":"cjh4vpqj3025g09524p3xwr20","fieldName":"variants"}],[{"_typeName":"Variant","id":"cjh4vpqj6025q0952qa9ye8ee","fieldName":"product"},{"_typeName":"Product","id":"cjh4vpqj3025g09524p3xwr20","fieldName":"variants"}],[{"_typeName":"Variant","id":"cjh4vpqj6025t09529imps2wf","fieldName":"product"},{"_typeName":"Product","id":"cjh4vpqj3025g09524p3xwr20","fieldName":"variants"}],[{"_typeName":"Variant","id":"cjh4vpqj7025w09525m8wvdl6","fieldName":"product"},{"_typeName":"Product","id":"cjh4vpqj3025g09524p3xwr20","fieldName":"variants"}],[{"_typeName":"Variant","id":"cjh4vpqj7025z09523m6hpk6m","fieldName":"product"},{"_typeName":"Product","id":"cjh4vpqj3025g09524p3xwr20","fieldName":"variants"}],[{"_typeName":"Variant","id":"cjh4vpqj802620952m5cy7ffs","fieldName":"product"},{"_typeName":"Product","id":"cjh4vpqj3025g09524p3xwr20","fieldName":"variants"}],[{"_typeName":"Variant","id":"cjh5058i202m50952z9tn00nd","fieldName":"product"},{"_typeName":"Product","id":"cjh5058i202m40952o5y0z1l3","fieldName":"variants"}],[{"_typeName":"Variant","id":"cjh5058i502m70952gwnb4vv7","fieldName":"product"},{"_typeName":"Product","id":"cjh5058i202m40952o5y0z1l3","fieldName":"variants"}],[{"_typeName":"Variant","id":"cjh5058i502m909523ihsild5","fieldName":"product"},{"_typeName":"Product","id":"cjh5058i202m40952o5y0z1l3","fieldName":"variants"}],[{"_typeName":"Variant","id":"cjh5058i602mb0952df4bih8p","fieldName":"product"},{"_typeName":"Product","id":"cjh5058i202m40952o5y0z1l3","fieldName":"variants"}],[{"_typeName":"Product","id":"cjh4ukpam021i09529gxqf5lw","fieldName":"brand"},{"_typeName":"Brand","id":"cjh4uk6bc021c095218o2jtxl"}],[{"_typeName":"Product","id":"cjh4vpqj3025g09524p3xwr20","fieldName":"brand"},{"_typeName":"Brand","id":"cjh4uk6bc021c095218o2jtxl"}],[{"_typeName":"Product","id":"cjh4ujjaw01ys095214qtkih2","fieldName":"brand"},{"_typeName":"Brand","id":"cjh4uhsxw01y2095251z70grn"}],[{"_typeName":"Product","id":"cjh5058i202m40952o5y0z1l3","fieldName":"brand"},{"_typeName":"Brand","id":"cjh503ciq02lz095215ez4uyh"}],[{"_typeName":"Product","id":"cjh4ukpam021i09529gxqf5lw","fieldName":"category"},{"_typeName":"Category","id":"cjh0ojl8g010c0952uo3jwp3s"}],[{"_typeName":"Product","id":"cjh4vpqj3025g09524p3xwr20","fieldName":"category"},{"_typeName":"Category","id":"cjh0ojl8g010c0952uo3jwp3s"}],[{"_typeName":"Product","id":"cjh4ujjaw01ys095214qtkih2","fieldName":"category"},{"_typeName":"Category","id":"cjh0ojl8g010c0952uo3jwp3s"}],[{"_typeName":"Product","id":"cjh5058i202m40952o5y0z1l3","fieldName":"category"},{"_typeName":"Category","id":"cjh50137i02l10952s2k5a6vu"}],[{"_typeName":"Product","id":"cjh4ujjaw01ys095214qtkih2","fieldName":"options"},{"_typeName":"Option","id":"cjh0okvun01160952ktz71f0z"}],[{"_typeName":"Product","id":"cjh4ujjaw01ys095214qtkih2","fieldName":"options"},{"_typeName":"Option","id":"cjh0omsi4012909524438qev2"}],[{"_typeName":"Product","id":"cjh4ukpam021i09529gxqf5lw","fieldName":"options"},{"_typeName":"Option","id":"cjh0okvun01160952ktz71f0z"}],[{"_typeName":"Product","id":"cjh4ukpam021i09529gxqf5lw","fieldName":"options"},{"_typeName":"Option","id":"cjh0omsi4012909524438qev2"}],[{"_typeName":"Product","id":"cjh4vpqj3025g09524p3xwr20","fieldName":"options"},{"_typeName":"Option","id":"cjh0okvun01160952ktz71f0z"}],[{"_typeName":"Product","id":"cjh4vpqj3025g09524p3xwr20","fieldName":"options"},{"_typeName":"Option","id":"cjh0omsi4012909524438qev2"}],[{"_typeName":"Product","id":"cjh5058i202m40952o5y0z1l3","fieldName":"options"},{"_typeName":"Option","id":"cjh502xne02ll0952zh2yk8wq"}],[{"_typeName":"OptionValue","id":"cjh0okvun011709523vmh3kpv"},{"_typeName":"Option","id":"cjh0okvun01160952ktz71f0z","fieldName":"values"}],[{"_typeName":"OptionValue","id":"cjh0okvun01180952i6bgocp5"},{"_typeName":"Option","id":"cjh0okvun01160952ktz71f0z","fieldName":"values"}],[{"_typeName":"OptionValue","id":"cjh0okvuo01190952kvohma6b"},{"_typeName":"Option","id":"cjh0okvun01160952ktz71f0z","fieldName":"values"}],[{"_typeName":"OptionValue","id":"cjh0okvuo011a0952chbsuc6s"},{"_typeName":"Option","id":"cjh0okvun01160952ktz71f0z","fieldName":"values"}],[{"_typeName":"OptionValue","id":"cjh0olip2011l0952os14k62i"},{"_typeName":"Option","id":"cjh0olip2011k0952f9th8zgc","fieldName":"values"}],[{"_typeName":"OptionValue","id":"cjh0olip4011m09524xlvw3o8"},{"_typeName":"Option","id":"cjh0olip2011k0952f9th8zgc","fieldName":"values"}],[{"_typeName":"OptionValue","id":"cjh0olip4011n095219jrjomr"},{"_typeName":"Option","id":"cjh0olip2011k0952f9th8zgc","fieldName":"values"}],[{"_typeName":"OptionValue","id":"cjh0omsi4012a0952pdtnuowp"},{"_typeName":"Option","id":"cjh0omsi4012909524438qev2","fieldName":"values"}],[{"_typeName":"OptionValue","id":"cjh0omsi4012b0952d2q89g1x"},{"_typeName":"Option","id":"cjh0omsi4012909524438qev2","fieldName":"values"}],[{"_typeName":"OptionValue","id":"cjh502xne02lm0952f2hzm26p"},{"_typeName":"Option","id":"cjh502xne02ll0952zh2yk8wq","fieldName":"values"}],[{"_typeName":"OptionValue","id":"cjh502xne02ln09520xow38hz"},{"_typeName":"Option","id":"cjh502xne02ll0952zh2yk8wq","fieldName":"values"}],[{"_typeName":"OptionValue","id":"cjh502xne02lo095279kcug92"},{"_typeName":"Option","id":"cjh502xne02ll0952zh2yk8wq","fieldName":"values"}],[{"_typeName":"OptionValue","id":"cjh502xne02lp0952d53a0ly0"},{"_typeName":"Option","id":"cjh502xne02ll0952zh2yk8wq","fieldName":"values"}],[{"_typeName":"SelectedOption","id":"cjh4ujjax01yu0952kkz383rd","fieldName":"value"},{"_typeName":"OptionValue","id":"cjh0okvun011709523vmh3kpv"}],[{"_typeName":"SelectedOption","id":"cjh4ujjaz01yv0952tthng3ag","fieldName":"value"},{"_typeName":"OptionValue","id":"cjh0omsi4012a0952pdtnuowp"}],[{"_typeName":"SelectedOption","id":"cjh4ujjaz01yx0952frc2ebp8","fieldName":"value"},{"_typeName":"OptionValue","id":"cjh0okvun011709523vmh3kpv"}],[{"_typeName":"SelectedOption","id":"cjh4ujjaz01yy0952fje2adza","fieldName":"value"},{"_typeName":"OptionValue","id":"cjh0omsi4012b0952d2q89g1x"}],[{"_typeName":"SelectedOption","id":"cjh4ujjb101z00952l3w9onz1","fieldName":"value"},{"_typeName":"OptionValue","id":"cjh0okvun01180952i6bgocp5"}],[{"_typeName":"SelectedOption","id":"cjh4ujjb201z10952ud7e6kwd","fieldName":"value"},{"_typeName":"OptionValue","id":"cjh0omsi4012a0952pdtnuowp"}],[{"_typeName":"SelectedOption","id":"cjh4ujjb201z30952njr3gzv6","fieldName":"value"},{"_typeName":"OptionValue","id":"cjh0okvun01180952i6bgocp5"}],[{"_typeName":"SelectedOption","id":"cjh4ujjb201z40952s26pn2sv","fieldName":"value"},{"_typeName":"OptionValue","id":"cjh0omsi4012b0952d2q89g1x"}],[{"_typeName":"SelectedOption","id":"cjh4ujjb201z609520nkkq4nq","fieldName":"value"},{"_typeName":"OptionValue","id":"cjh0okvuo01190952kvohma6b"}],[{"_typeName":"SelectedOption","id":"cjh4ujjb201z70952z5l9f58q","fieldName":"value"},{"_typeName":"OptionValue","id":"cjh0omsi4012a0952pdtnuowp"}],[{"_typeName":"SelectedOption","id":"cjh4ujjb301z90952er8wynmq","fieldName":"value"},{"_typeName":"OptionValue","id":"cjh0okvuo01190952kvohma6b"}],[{"_typeName":"SelectedOption","id":"cjh4ujjb301za0952myv17si6","fieldName":"value"},{"_typeName":"OptionValue","id":"cjh0omsi4012b0952d2q89g1x"}],[{"_typeName":"SelectedOption","id":"cjh4ujjb301zc0952wz190h6b","fieldName":"value"},{"_typeName":"OptionValue","id":"cjh0okvuo011a0952chbsuc6s"}],[{"_typeName":"SelectedOption","id":"cjh4ujjb301zd0952n5dxfwoa","fieldName":"value"},{"_typeName":"OptionValue","id":"cjh0omsi4012a0952pdtnuowp"}],[{"_typeName":"SelectedOption","id":"cjh4ujjb401zf0952bdelxtwb","fieldName":"value"},{"_typeName":"OptionValue","id":"cjh0okvuo011a0952chbsuc6s"}],[{"_typeName":"SelectedOption","id":"cjh4ujjb401zg0952p50pxe2a","fieldName":"value"},{"_typeName":"OptionValue","id":"cjh0omsi4012b0952d2q89g1x"}],[{"_typeName":"SelectedOption","id":"cjh4ukpan021k09520j6uhxyv","fieldName":"value"},{"_typeName":"OptionValue","id":"cjh0okvun011709523vmh3kpv"}],[{"_typeName":"SelectedOption","id":"cjh4ukpan021l09528r1w6vwp","fieldName":"value"},{"_typeName":"OptionValue","id":"cjh0omsi4012a0952pdtnuowp"}],[{"_typeName":"SelectedOption","id":"cjh4ukpan021n0952eb4imz6h","fieldName":"value"},{"_typeName":"OptionValue","id":"cjh0okvun011709523vmh3kpv"}],[{"_typeName":"SelectedOption","id":"cjh4ukpan021o09520llsidwj","fieldName":"value"},{"_typeName":"OptionValue","id":"cjh0omsi4012b0952d2q89g1x"}],[{"_typeName":"SelectedOption","id":"cjh4ukpao021q0952pwn6fl73","fieldName":"value"},{"_typeName":"OptionValue","id":"cjh0okvun01180952i6bgocp5"}],[{"_typeName":"SelectedOption","id":"cjh4ukpao021r09528fuztxvc","fieldName":"value"},{"_typeName":"OptionValue","id":"cjh0omsi4012a0952pdtnuowp"}],[{"_typeName":"SelectedOption","id":"cjh4ukpao021t0952pnrfdap1","fieldName":"value"},{"_typeName":"OptionValue","id":"cjh0okvun01180952i6bgocp5"}],[{"_typeName":"SelectedOption","id":"cjh4ukpao021u0952as2cfhfm","fieldName":"value"},{"_typeName":"OptionValue","id":"cjh0omsi4012b0952d2q89g1x"}],[{"_typeName":"SelectedOption","id":"cjh4ukpao021w0952uuvxpixj","fieldName":"value"},{"_typeName":"OptionValue","id":"cjh0okvuo01190952kvohma6b"}],[{"_typeName":"SelectedOption","id":"cjh4ukpap021x0952lhwez11o","fieldName":"value"},{"_typeName":"OptionValue","id":"cjh0omsi4012a0952pdtnuowp"}],[{"_typeName":"SelectedOption","id":"cjh4ukpap021z0952d8cawgp0","fieldName":"value"},{"_typeName":"OptionValue","id":"cjh0okvuo01190952kvohma6b"}],[{"_typeName":"SelectedOption","id":"cjh4ukpap02200952e8lvw31o","fieldName":"value"},{"_typeName":"OptionValue","id":"cjh0omsi4012b0952d2q89g1x"}],[{"_typeName":"SelectedOption","id":"cjh4ukpap02220952t62z2kq3","fieldName":"value"},{"_typeName":"OptionValue","id":"cjh0okvuo011a0952chbsuc6s"}],[{"_typeName":"SelectedOption","id":"cjh4ukpap02230952e8oxip9z","fieldName":"value"},{"_typeName":"OptionValue","id":"cjh0omsi4012a0952pdtnuowp"}],[{"_typeName":"SelectedOption","id":"cjh4ukpap02250952lr07aj6o","fieldName":"value"},{"_typeName":"OptionValue","id":"cjh0okvuo011a0952chbsuc6s"}],[{"_typeName":"SelectedOption","id":"cjh4ukpaq02260952uuvtbkad","fieldName":"value"},{"_typeName":"OptionValue","id":"cjh0omsi4012b0952d2q89g1x"}],[{"_typeName":"SelectedOption","id":"cjh4vpqj3025i09526csmh4fi","fieldName":"value"},{"_typeName":"OptionValue","id":"cjh0okvun011709523vmh3kpv"}],[{"_typeName":"SelectedOption","id":"cjh4vpqj4025j09529y80iqxh","fieldName":"value"},{"_typeName":"OptionValue","id":"cjh0omsi4012a0952pdtnuowp"}],[{"_typeName":"SelectedOption","id":"cjh4vpqj4025l0952qr8g9mk9","fieldName":"value"},{"_typeName":"OptionValue","id":"cjh0okvun011709523vmh3kpv"}],[{"_typeName":"SelectedOption","id":"cjh4vpqj5025m0952w8ab0t9e","fieldName":"value"},{"_typeName":"OptionValue","id":"cjh0omsi4012b0952d2q89g1x"}],[{"_typeName":"SelectedOption","id":"cjh4vpqj5025o0952un7fg7p4","fieldName":"value"},{"_typeName":"OptionValue","id":"cjh0okvun01180952i6bgocp5"}],[{"_typeName":"SelectedOption","id":"cjh4vpqj6025p0952znkknygc","fieldName":"value"},{"_typeName":"OptionValue","id":"cjh0omsi4012a0952pdtnuowp"}],[{"_typeName":"SelectedOption","id":"cjh4vpqj6025r0952qll4egk4","fieldName":"value"},{"_typeName":"OptionValue","id":"cjh0okvun01180952i6bgocp5"}],[{"_typeName":"SelectedOption","id":"cjh4vpqj6025s0952uex5jw75","fieldName":"value"},{"_typeName":"OptionValue","id":"cjh0omsi4012b0952d2q89g1x"}],[{"_typeName":"SelectedOption","id":"cjh4vpqj6025u0952be9jv9dd","fieldName":"value"},{"_typeName":"OptionValue","id":"cjh0okvuo01190952kvohma6b"}],[{"_typeName":"SelectedOption","id":"cjh4vpqj7025v0952h7t4vee1","fieldName":"value"},{"_typeName":"OptionValue","id":"cjh0omsi4012a0952pdtnuowp"}],[{"_typeName":"SelectedOption","id":"cjh4vpqj7025x0952vzdkgqc8","fieldName":"value"},{"_typeName":"OptionValue","id":"cjh0okvuo01190952kvohma6b"}],[{"_typeName":"SelectedOption","id":"cjh4vpqj7025y09527h8j0tlp","fieldName":"value"},{"_typeName":"OptionValue","id":"cjh0omsi4012b0952d2q89g1x"}],[{"_typeName":"SelectedOption","id":"cjh4vpqj702600952sr69jrsi","fieldName":"value"},{"_typeName":"OptionValue","id":"cjh0okvuo011a0952chbsuc6s"}],[{"_typeName":"SelectedOption","id":"cjh4vpqj802610952kc9j34zn","fieldName":"value"},{"_typeName":"OptionValue","id":"cjh0omsi4012a0952pdtnuowp"}],[{"_typeName":"SelectedOption","id":"cjh4vpqj802630952g21xbtqh","fieldName":"value"},{"_typeName":"OptionValue","id":"cjh0okvuo011a0952chbsuc6s"}],[{"_typeName":"SelectedOption","id":"cjh4vpqj802640952jgpt5nx0","fieldName":"value"},{"_typeName":"OptionValue","id":"cjh0omsi4012b0952d2q89g1x"}],[{"_typeName":"SelectedOption","id":"cjh5058i202m60952mp75uop0","fieldName":"value"},{"_typeName":"OptionValue","id":"cjh502xne02lm0952f2hzm26p"}],[{"_typeName":"SelectedOption","id":"cjh5058i502m80952ataa095m","fieldName":"value"},{"_typeName":"OptionValue","id":"cjh502xne02ln09520xow38hz"}],[{"_typeName":"SelectedOption","id":"cjh5058i602ma09528i8fi82x","fieldName":"value"},{"_typeName":"OptionValue","id":"cjh502xne02lo095279kcug92"}],[{"_typeName":"SelectedOption","id":"cjh5058i602mc0952d34b0o5a","fieldName":"value"},{"_typeName":"OptionValue","id":"cjh502xne02lp0952d53a0ly0"}],[{"_typeName":"SelectedOption","id":"cjh4ujjax01yu0952kkz383rd","fieldName":"option"},{"_typeName":"Option","id":"cjh0okvun01160952ktz71f0z"}],[{"_typeName":"SelectedOption","id":"cjh4ujjaz01yv0952tthng3ag","fieldName":"option"},{"_typeName":"Option","id":"cjh0omsi4012909524438qev2"}],[{"_typeName":"SelectedOption","id":"cjh4ujjaz01yx0952frc2ebp8","fieldName":"option"},{"_typeName":"Option","id":"cjh0okvun01160952ktz71f0z"}],[{"_typeName":"SelectedOption","id":"cjh4ujjaz01yy0952fje2adza","fieldName":"option"},{"_typeName":"Option","id":"cjh0omsi4012909524438qev2"}],[{"_typeName":"SelectedOption","id":"cjh4ujjb101z00952l3w9onz1","fieldName":"option"},{"_typeName":"Option","id":"cjh0okvun01160952ktz71f0z"}],[{"_typeName":"SelectedOption","id":"cjh4ujjb201z10952ud7e6kwd","fieldName":"option"},{"_typeName":"Option","id":"cjh0omsi4012909524438qev2"}],[{"_typeName":"SelectedOption","id":"cjh4ujjb201z30952njr3gzv6","fieldName":"option"},{"_typeName":"Option","id":"cjh0okvun01160952ktz71f0z"}],[{"_typeName":"SelectedOption","id":"cjh4ujjb201z40952s26pn2sv","fieldName":"option"},{"_typeName":"Option","id":"cjh0omsi4012909524438qev2"}],[{"_typeName":"SelectedOption","id":"cjh4ujjb201z609520nkkq4nq","fieldName":"option"},{"_typeName":"Option","id":"cjh0okvun01160952ktz71f0z"}],[{"_typeName":"SelectedOption","id":"cjh4ujjb201z70952z5l9f58q","fieldName":"option"},{"_typeName":"Option","id":"cjh0omsi4012909524438qev2"}],[{"_typeName":"SelectedOption","id":"cjh4ujjb301z90952er8wynmq","fieldName":"option"},{"_typeName":"Option","id":"cjh0okvun01160952ktz71f0z"}],[{"_typeName":"SelectedOption","id":"cjh4ujjb301za0952myv17si6","fieldName":"option"},{"_typeName":"Option","id":"cjh0omsi4012909524438qev2"}],[{"_typeName":"SelectedOption","id":"cjh4ujjb301zc0952wz190h6b","fieldName":"option"},{"_typeName":"Option","id":"cjh0okvun01160952ktz71f0z"}],[{"_typeName":"SelectedOption","id":"cjh4ujjb301zd0952n5dxfwoa","fieldName":"option"},{"_typeName":"Option","id":"cjh0omsi4012909524438qev2"}],[{"_typeName":"SelectedOption","id":"cjh4ujjb401zf0952bdelxtwb","fieldName":"option"},{"_typeName":"Option","id":"cjh0okvun01160952ktz71f0z"}],[{"_typeName":"SelectedOption","id":"cjh4ujjb401zg0952p50pxe2a","fieldName":"option"},{"_typeName":"Option","id":"cjh0omsi4012909524438qev2"}],[{"_typeName":"SelectedOption","id":"cjh4ukpan021k09520j6uhxyv","fieldName":"option"},{"_typeName":"Option","id":"cjh0okvun01160952ktz71f0z"}],[{"_typeName":"SelectedOption","id":"cjh4ukpan021l09528r1w6vwp","fieldName":"option"},{"_typeName":"Option","id":"cjh0omsi4012909524438qev2"}],[{"_typeName":"SelectedOption","id":"cjh4ukpan021n0952eb4imz6h","fieldName":"option"},{"_typeName":"Option","id":"cjh0okvun01160952ktz71f0z"}],[{"_typeName":"SelectedOption","id":"cjh4ukpan021o09520llsidwj","fieldName":"option"},{"_typeName":"Option","id":"cjh0omsi4012909524438qev2"}],[{"_typeName":"SelectedOption","id":"cjh4ukpao021q0952pwn6fl73","fieldName":"option"},{"_typeName":"Option","id":"cjh0okvun01160952ktz71f0z"}],[{"_typeName":"SelectedOption","id":"cjh4ukpao021r09528fuztxvc","fieldName":"option"},{"_typeName":"Option","id":"cjh0omsi4012909524438qev2"}],[{"_typeName":"SelectedOption","id":"cjh4ukpao021t0952pnrfdap1","fieldName":"option"},{"_typeName":"Option","id":"cjh0okvun01160952ktz71f0z"}],[{"_typeName":"SelectedOption","id":"cjh4ukpao021u0952as2cfhfm","fieldName":"option"},{"_typeName":"Option","id":"cjh0omsi4012909524438qev2"}],[{"_typeName":"SelectedOption","id":"cjh4ukpao021w0952uuvxpixj","fieldName":"option"},{"_typeName":"Option","id":"cjh0okvun01160952ktz71f0z"}],[{"_typeName":"SelectedOption","id":"cjh4ukpap021x0952lhwez11o","fieldName":"option"},{"_typeName":"Option","id":"cjh0omsi4012909524438qev2"}],[{"_typeName":"SelectedOption","id":"cjh4ukpap021z0952d8cawgp0","fieldName":"option"},{"_typeName":"Option","id":"cjh0okvun01160952ktz71f0z"}],[{"_typeName":"SelectedOption","id":"cjh4ukpap02200952e8lvw31o","fieldName":"option"},{"_typeName":"Option","id":"cjh0omsi4012909524438qev2"}],[{"_typeName":"SelectedOption","id":"cjh4ukpap02220952t62z2kq3","fieldName":"option"},{"_typeName":"Option","id":"cjh0okvun01160952ktz71f0z"}],[{"_typeName":"SelectedOption","id":"cjh4ukpap02230952e8oxip9z","fieldName":"option"},{"_typeName":"Option","id":"cjh0omsi4012909524438qev2"}],[{"_typeName":"SelectedOption","id":"cjh4ukpap02250952lr07aj6o","fieldName":"option"},{"_typeName":"Option","id":"cjh0okvun01160952ktz71f0z"}],[{"_typeName":"SelectedOption","id":"cjh4ukpaq02260952uuvtbkad","fieldName":"option"},{"_typeName":"Option","id":"cjh0omsi4012909524438qev2"}],[{"_typeName":"SelectedOption","id":"cjh4vpqj3025i09526csmh4fi","fieldName":"option"},{"_typeName":"Option","id":"cjh0okvun01160952ktz71f0z"}],[{"_typeName":"SelectedOption","id":"cjh4vpqj4025j09529y80iqxh","fieldName":"option"},{"_typeName":"Option","id":"cjh0omsi4012909524438qev2"}],[{"_typeName":"SelectedOption","id":"cjh4vpqj4025l0952qr8g9mk9","fieldName":"option"},{"_typeName":"Option","id":"cjh0okvun01160952ktz71f0z"}],[{"_typeName":"SelectedOption","id":"cjh4vpqj5025m0952w8ab0t9e","fieldName":"option"},{"_typeName":"Option","id":"cjh0omsi4012909524438qev2"}],[{"_typeName":"SelectedOption","id":"cjh4vpqj5025o0952un7fg7p4","fieldName":"option"},{"_typeName":"Option","id":"cjh0okvun01160952ktz71f0z"}],[{"_typeName":"SelectedOption","id":"cjh4vpqj6025p0952znkknygc","fieldName":"option"},{"_typeName":"Option","id":"cjh0omsi4012909524438qev2"}],[{"_typeName":"SelectedOption","id":"cjh4vpqj6025r0952qll4egk4","fieldName":"option"},{"_typeName":"Option","id":"cjh0okvun01160952ktz71f0z"}],[{"_typeName":"SelectedOption","id":"cjh4vpqj6025s0952uex5jw75","fieldName":"option"},{"_typeName":"Option","id":"cjh0omsi4012909524438qev2"}],[{"_typeName":"SelectedOption","id":"cjh4vpqj6025u0952be9jv9dd","fieldName":"option"},{"_typeName":"Option","id":"cjh0okvun01160952ktz71f0z"}],[{"_typeName":"SelectedOption","id":"cjh4vpqj7025v0952h7t4vee1","fieldName":"option"},{"_typeName":"Option","id":"cjh0omsi4012909524438qev2"}],[{"_typeName":"SelectedOption","id":"cjh4vpqj7025x0952vzdkgqc8","fieldName":"option"},{"_typeName":"Option","id":"cjh0okvun01160952ktz71f0z"}],[{"_typeName":"SelectedOption","id":"cjh4vpqj7025y09527h8j0tlp","fieldName":"option"},{"_typeName":"Option","id":"cjh0omsi4012909524438qev2"}],[{"_typeName":"SelectedOption","id":"cjh4vpqj702600952sr69jrsi","fieldName":"option"},{"_typeName":"Option","id":"cjh0okvun01160952ktz71f0z"}],[{"_typeName":"SelectedOption","id":"cjh4vpqj802610952kc9j34zn","fieldName":"option"},{"_typeName":"Option","id":"cjh0omsi4012909524438qev2"}],[{"_typeName":"SelectedOption","id":"cjh4vpqj802630952g21xbtqh","fieldName":"option"},{"_typeName":"Option","id":"cjh0okvun01160952ktz71f0z"}],[{"_typeName":"SelectedOption","id":"cjh4vpqj802640952jgpt5nx0","fieldName":"option"},{"_typeName":"Option","id":"cjh0omsi4012909524438qev2"}],[{"_typeName":"SelectedOption","id":"cjh5058i202m60952mp75uop0","fieldName":"option"},{"_typeName":"Option","id":"cjh502xne02ll0952zh2yk8wq"}],[{"_typeName":"SelectedOption","id":"cjh5058i502m80952ataa095m","fieldName":"option"},{"_typeName":"Option","id":"cjh502xne02ll0952zh2yk8wq"}],[{"_typeName":"SelectedOption","id":"cjh5058i602ma09528i8fi82x","fieldName":"option"},{"_typeName":"Option","id":"cjh502xne02ll0952zh2yk8wq"}],[{"_typeName":"SelectedOption","id":"cjh5058i602mc0952d34b0o5a","fieldName":"option"},{"_typeName":"Option","id":"cjh502xne02ll0952zh2yk8wq"}],[{"_typeName":"User","id":"cjh2d1si6002r0952uuvr4z9c","fieldName":"cart"},{"_typeName":"OrderLineItem","id":"cjh4uxb23024r0952dxmi3t7l","fieldName":"owner"}],[{"_typeName":"User","id":"cjh2d1si6002r0952uuvr4z9c","fieldName":"cart"},{"_typeName":"OrderLineItem","id":"cjh4uxhkw024z0952ja763b05","fieldName":"owner"}],[{"_typeName":"User","id":"cjh2d1si6002r0952uuvr4z9c","fieldName":"cart"},{"_typeName":"OrderLineItem","id":"cjh4xvrkq02d409525160ns6f","fieldName":"owner"}],[{"_typeName":"User","id":"cjh2d1si6002r0952uuvr4z9c","fieldName":"cart"},{"_typeName":"OrderLineItem","id":"cjh505qer02na09520a53stxv","fieldName":"owner"}],[{"_typeName":"Variant","id":"cjh4ujjax01yt0952p5sjozg2"},{"_typeName":"OrderLineItem","id":"cjh4uxb23024r0952dxmi3t7l","fieldName":"variant"}],[{"_typeName":"Variant","id":"cjh4ukpao021v0952slmhvacx"},{"_typeName":"OrderLineItem","id":"cjh4uxhkw024z0952ja763b05","fieldName":"variant"}],[{"_typeName":"Variant","id":"cjh4ujjb301ze09529c8f5jmy"},{"_typeName":"OrderLineItem","id":"cjh4xvrkq02d409525160ns6f","fieldName":"variant"}],[{"_typeName":"Variant","id":"cjh5058i502m909523ihsild5"},{"_typeName":"OrderLineItem","id":"cjh505qer02na09520a53stxv","fieldName":"variant"}]]}